;video_name;num_of_total_frames;num_of_missing_frames_pose;num_of_missing_frames_left_hand;num_of_missing_frames_right_hand;configuration
0;dataset/corpus/GEREK _1.mp4;51;0;51;10;namespace(MEDIAPIPE_STATIC_IMAGE_MODE=False, MEDIAPIPE_MODEL_COMPLEXITY=1, MEDIAPIPE_SMOOTH_LANDMARKS=True, MEDIAPIPE_ENABLE_SEGMENTATION=False, MEDIAPIPE_SMOOTH_SEGMENTATION=True, MEDIAPIPE_REFINE_FACE_LANDMARKS=False, MEDIAPIPE_MIN_DETECTION_CONFIDENCE=0.5, MEDIAPIPE_MIN_TRACKING_CONFIDENCE=0.5, MODEL_ENCODER_INPUT_DIM=225, MODEL_ENCODER_HIDDEN_DIM=256, MODEL_ENCODER_OUTPUT_DIM=768, MODEL_VQ_NUM_EMBS=10000, MODEL_VQ_EMBED_DIM=768, MODEL_VQ_COMMITMENT_COST=0.25, MODEL_DECODER_INPUT_DIM=768, MODEL_DECODER_HIDDEN_DIM=256, MODEL_DECODER_OUTPUT_DIM=225, NUM_EPOCHS=100, BATCH_SIZE=32, LEARNING_RATE=1e-05)
1;dataset/corpus/I╠çLGINC╠ğ_0.mp4;56;0;56;29;namespace(MEDIAPIPE_STATIC_IMAGE_MODE=False, MEDIAPIPE_MODEL_COMPLEXITY=1, MEDIAPIPE_SMOOTH_LANDMARKS=True, MEDIAPIPE_ENABLE_SEGMENTATION=False, MEDIAPIPE_SMOOTH_SEGMENTATION=True, MEDIAPIPE_REFINE_FACE_LANDMARKS=False, MEDIAPIPE_MIN_DETECTION_CONFIDENCE=0.5, MEDIAPIPE_MIN_TRACKING_CONFIDENCE=0.5, MODEL_ENCODER_INPUT_DIM=225, MODEL_ENCODER_HIDDEN_DIM=256, MODEL_ENCODER_OUTPUT_DIM=768, MODEL_VQ_NUM_EMBS=10000, MODEL_VQ_EMBED_DIM=768, MODEL_VQ_COMMITMENT_COST=0.25, MODEL_DECODER_INPUT_DIM=768, MODEL_DECODER_HIDDEN_DIM=256, MODEL_DECODER_OUTPUT_DIM=225, NUM_EPOCHS=100, BATCH_SIZE=32, LEARNING_RATE=1e-05)
2;dataset/corpus/MEMUR_1.mp4;60;0;60;33;namespace(MEDIAPIPE_STATIC_IMAGE_MODE=False, MEDIAPIPE_MODEL_COMPLEXITY=1, MEDIAPIPE_SMOOTH_LANDMARKS=True, MEDIAPIPE_ENABLE_SEGMENTATION=False, MEDIAPIPE_SMOOTH_SEGMENTATION=True, MEDIAPIPE_REFINE_FACE_LANDMARKS=False, MEDIAPIPE_MIN_DETECTION_CONFIDENCE=0.5, MEDIAPIPE_MIN_TRACKING_CONFIDENCE=0.5, MODEL_ENCODER_INPUT_DIM=225, MODEL_ENCODER_HIDDEN_DIM=256, MODEL_ENCODER_OUTPUT_DIM=768, MODEL_VQ_NUM_EMBS=10000, MODEL_VQ_EMBED_DIM=768, MODEL_VQ_COMMITMENT_COST=0.25, MODEL_DECODER_INPUT_DIM=768, MODEL_DECODER_HIDDEN_DIM=256, MODEL_DECODER_OUTPUT_DIM=225, NUM_EPOCHS=100, BATCH_SIZE=32, LEARNING_RATE=1e-05)
3;dataset/corpus/BAS╠ğPARMAK_0.mp4;41;0;41;19;namespace(MEDIAPIPE_STATIC_IMAGE_MODE=False, MEDIAPIPE_MODEL_COMPLEXITY=1, MEDIAPIPE_SMOOTH_LANDMARKS=True, MEDIAPIPE_ENABLE_SEGMENTATION=False, MEDIAPIPE_SMOOTH_SEGMENTATION=True, MEDIAPIPE_REFINE_FACE_LANDMARKS=False, MEDIAPIPE_MIN_DETECTION_CONFIDENCE=0.5, MEDIAPIPE_MIN_TRACKING_CONFIDENCE=0.5, MODEL_ENCODER_INPUT_DIM=225, MODEL_ENCODER_HIDDEN_DIM=256, MODEL_ENCODER_OUTPUT_DIM=768, MODEL_VQ_NUM_EMBS=10000, MODEL_VQ_EMBED_DIM=768, MODEL_VQ_COMMITMENT_COST=0.25, MODEL_DECODER_INPUT_DIM=768, MODEL_DECODER_HIDDEN_DIM=256, MODEL_DECODER_OUTPUT_DIM=225, NUM_EPOCHS=100, BATCH_SIZE=32, LEARNING_RATE=1e-05)
4;dataset/corpus/YILDIZ_0.mp4;66;0;22;21;namespace(MEDIAPIPE_STATIC_IMAGE_MODE=False, MEDIAPIPE_MODEL_COMPLEXITY=1, MEDIAPIPE_SMOOTH_LANDMARKS=True, MEDIAPIPE_ENABLE_SEGMENTATION=False, MEDIAPIPE_SMOOTH_SEGMENTATION=True, MEDIAPIPE_REFINE_FACE_LANDMARKS=False, MEDIAPIPE_MIN_DETECTION_CONFIDENCE=0.5, MEDIAPIPE_MIN_TRACKING_CONFIDENCE=0.5, MODEL_ENCODER_INPUT_DIM=225, MODEL_ENCODER_HIDDEN_DIM=256, MODEL_ENCODER_OUTPUT_DIM=768, MODEL_VQ_NUM_EMBS=10000, MODEL_VQ_EMBED_DIM=768, MODEL_VQ_COMMITMENT_COST=0.25, MODEL_DECODER_INPUT_DIM=768, MODEL_DECODER_HIDDEN_DIM=256, MODEL_DECODER_OUTPUT_DIM=225, NUM_EPOCHS=100, BATCH_SIZE=32, LEARNING_RATE=1e-05)
5;dataset/corpus/ZARF_0.mp4;48;0;48;24;namespace(MEDIAPIPE_STATIC_IMAGE_MODE=False, MEDIAPIPE_MODEL_COMPLEXITY=1, MEDIAPIPE_SMOOTH_LANDMARKS=True, MEDIAPIPE_ENABLE_SEGMENTATION=False, MEDIAPIPE_SMOOTH_SEGMENTATION=True, MEDIAPIPE_REFINE_FACE_LANDMARKS=False, MEDIAPIPE_MIN_DETECTION_CONFIDENCE=0.5, MEDIAPIPE_MIN_TRACKING_CONFIDENCE=0.5, MODEL_ENCODER_INPUT_DIM=225, MODEL_ENCODER_HIDDEN_DIM=256, MODEL_ENCODER_OUTPUT_DIM=768, MODEL_VQ_NUM_EMBS=10000, MODEL_VQ_EMBED_DIM=768, MODEL_VQ_COMMITMENT_COST=0.25, MODEL_DECODER_INPUT_DIM=768, MODEL_DECODER_HIDDEN_DIM=256, MODEL_DECODER_OUTPUT_DIM=225, NUM_EPOCHS=100, BATCH_SIZE=32, LEARNING_RATE=1e-05)
6;dataset/corpus/SERVIS_1.mp4;47;0;18;16;namespace(MEDIAPIPE_STATIC_IMAGE_MODE=False, MEDIAPIPE_MODEL_COMPLEXITY=1, MEDIAPIPE_SMOOTH_LANDMARKS=True, MEDIAPIPE_ENABLE_SEGMENTATION=False, MEDIAPIPE_SMOOTH_SEGMENTATION=True, MEDIAPIPE_REFINE_FACE_LANDMARKS=False, MEDIAPIPE_MIN_DETECTION_CONFIDENCE=0.5, MEDIAPIPE_MIN_TRACKING_CONFIDENCE=0.5, MODEL_ENCODER_INPUT_DIM=225, MODEL_ENCODER_HIDDEN_DIM=256, MODEL_ENCODER_OUTPUT_DIM=768, MODEL_VQ_NUM_EMBS=10000, MODEL_VQ_EMBED_DIM=768, MODEL_VQ_COMMITMENT_COST=0.25, MODEL_DECODER_INPUT_DIM=768, MODEL_DECODER_HIDDEN_DIM=256, MODEL_DECODER_OUTPUT_DIM=225, NUM_EPOCHS=100, BATCH_SIZE=32, LEARNING_RATE=1e-05)
7;dataset/corpus/HAKLI_0.mp4;83;0;83;49;namespace(MEDIAPIPE_STATIC_IMAGE_MODE=False, MEDIAPIPE_MODEL_COMPLEXITY=1, MEDIAPIPE_SMOOTH_LANDMARKS=True, MEDIAPIPE_ENABLE_SEGMENTATION=False, MEDIAPIPE_SMOOTH_SEGMENTATION=True, MEDIAPIPE_REFINE_FACE_LANDMARKS=False, MEDIAPIPE_MIN_DETECTION_CONFIDENCE=0.5, MEDIAPIPE_MIN_TRACKING_CONFIDENCE=0.5, MODEL_ENCODER_INPUT_DIM=225, MODEL_ENCODER_HIDDEN_DIM=256, MODEL_ENCODER_OUTPUT_DIM=768, MODEL_VQ_NUM_EMBS=10000, MODEL_VQ_EMBED_DIM=768, MODEL_VQ_COMMITMENT_COST=0.25, MODEL_DECODER_INPUT_DIM=768, MODEL_DECODER_HIDDEN_DIM=256, MODEL_DECODER_OUTPUT_DIM=225, NUM_EPOCHS=100, BATCH_SIZE=32, LEARNING_RATE=1e-05)
8;dataset/corpus/KIM_1.mp4;74;0;52;52;namespace(MEDIAPIPE_STATIC_IMAGE_MODE=False, MEDIAPIPE_MODEL_COMPLEXITY=1, MEDIAPIPE_SMOOTH_LANDMARKS=True, MEDIAPIPE_ENABLE_SEGMENTATION=False, MEDIAPIPE_SMOOTH_SEGMENTATION=True, MEDIAPIPE_REFINE_FACE_LANDMARKS=False, MEDIAPIPE_MIN_DETECTION_CONFIDENCE=0.5, MEDIAPIPE_MIN_TRACKING_CONFIDENCE=0.5, MODEL_ENCODER_INPUT_DIM=225, MODEL_ENCODER_HIDDEN_DIM=256, MODEL_ENCODER_OUTPUT_DIM=768, MODEL_VQ_NUM_EMBS=10000, MODEL_VQ_EMBED_DIM=768, MODEL_VQ_COMMITMENT_COST=0.25, MODEL_DECODER_INPUT_DIM=768, MODEL_DECODER_HIDDEN_DIM=256, MODEL_DECODER_OUTPUT_DIM=225, NUM_EPOCHS=100, BATCH_SIZE=32, LEARNING_RATE=1e-05)
9;dataset/corpus/I╠çKISI_0.mp4;50;0;50;17;namespace(MEDIAPIPE_STATIC_IMAGE_MODE=False, MEDIAPIPE_MODEL_COMPLEXITY=1, MEDIAPIPE_SMOOTH_LANDMARKS=True, MEDIAPIPE_ENABLE_SEGMENTATION=False, MEDIAPIPE_SMOOTH_SEGMENTATION=True, MEDIAPIPE_REFINE_FACE_LANDMARKS=False, MEDIAPIPE_MIN_DETECTION_CONFIDENCE=0.5, MEDIAPIPE_MIN_TRACKING_CONFIDENCE=0.5, MODEL_ENCODER_INPUT_DIM=225, MODEL_ENCODER_HIDDEN_DIM=256, MODEL_ENCODER_OUTPUT_DIM=768, MODEL_VQ_NUM_EMBS=10000, MODEL_VQ_EMBED_DIM=768, MODEL_VQ_COMMITMENT_COST=0.25, MODEL_DECODER_INPUT_DIM=768, MODEL_DECODER_HIDDEN_DIM=256, MODEL_DECODER_OUTPUT_DIM=225, NUM_EPOCHS=100, BATCH_SIZE=32, LEARNING_RATE=1e-05)
10;dataset/corpus/DIG╠åER_0.mp4;46;0;46;25;namespace(MEDIAPIPE_STATIC_IMAGE_MODE=False, MEDIAPIPE_MODEL_COMPLEXITY=1, MEDIAPIPE_SMOOTH_LANDMARKS=True, MEDIAPIPE_ENABLE_SEGMENTATION=False, MEDIAPIPE_SMOOTH_SEGMENTATION=True, MEDIAPIPE_REFINE_FACE_LANDMARKS=False, MEDIAPIPE_MIN_DETECTION_CONFIDENCE=0.5, MEDIAPIPE_MIN_TRACKING_CONFIDENCE=0.5, MODEL_ENCODER_INPUT_DIM=225, MODEL_ENCODER_HIDDEN_DIM=256, MODEL_ENCODER_OUTPUT_DIM=768, MODEL_VQ_NUM_EMBS=10000, MODEL_VQ_EMBED_DIM=768, MODEL_VQ_COMMITMENT_COST=0.25, MODEL_DECODER_INPUT_DIM=768, MODEL_DECODER_HIDDEN_DIM=256, MODEL_DECODER_OUTPUT_DIM=225, NUM_EPOCHS=100, BATCH_SIZE=32, LEARNING_RATE=1e-05)
11;dataset/corpus/BAYRAK_0.mp4;54;0;54;11;namespace(MEDIAPIPE_STATIC_IMAGE_MODE=False, MEDIAPIPE_MODEL_COMPLEXITY=1, MEDIAPIPE_SMOOTH_LANDMARKS=True, MEDIAPIPE_ENABLE_SEGMENTATION=False, MEDIAPIPE_SMOOTH_SEGMENTATION=True, MEDIAPIPE_REFINE_FACE_LANDMARKS=False, MEDIAPIPE_MIN_DETECTION_CONFIDENCE=0.5, MEDIAPIPE_MIN_TRACKING_CONFIDENCE=0.5, MODEL_ENCODER_INPUT_DIM=225, MODEL_ENCODER_HIDDEN_DIM=256, MODEL_ENCODER_OUTPUT_DIM=768, MODEL_VQ_NUM_EMBS=10000, MODEL_VQ_EMBED_DIM=768, MODEL_VQ_COMMITMENT_COST=0.25, MODEL_DECODER_INPUT_DIM=768, MODEL_DECODER_HIDDEN_DIM=256, MODEL_DECODER_OUTPUT_DIM=225, NUM_EPOCHS=100, BATCH_SIZE=32, LEARNING_RATE=1e-05)
12;dataset/corpus/I╠çNS╠ğALLAH_1.mp4;38;0;16;19;namespace(MEDIAPIPE_STATIC_IMAGE_MODE=False, MEDIAPIPE_MODEL_COMPLEXITY=1, MEDIAPIPE_SMOOTH_LANDMARKS=True, MEDIAPIPE_ENABLE_SEGMENTATION=False, MEDIAPIPE_SMOOTH_SEGMENTATION=True, MEDIAPIPE_REFINE_FACE_LANDMARKS=False, MEDIAPIPE_MIN_DETECTION_CONFIDENCE=0.5, MEDIAPIPE_MIN_TRACKING_CONFIDENCE=0.5, MODEL_ENCODER_INPUT_DIM=225, MODEL_ENCODER_HIDDEN_DIM=256, MODEL_ENCODER_OUTPUT_DIM=768, MODEL_VQ_NUM_EMBS=10000, MODEL_VQ_EMBED_DIM=768, MODEL_VQ_COMMITMENT_COST=0.25, MODEL_DECODER_INPUT_DIM=768, MODEL_DECODER_HIDDEN_DIM=256, MODEL_DECODER_OUTPUT_DIM=225, NUM_EPOCHS=100, BATCH_SIZE=32, LEARNING_RATE=1e-05)
13;dataset/corpus/HOPARLO╠êR_0.mp4;58;0;28;18;namespace(MEDIAPIPE_STATIC_IMAGE_MODE=False, MEDIAPIPE_MODEL_COMPLEXITY=1, MEDIAPIPE_SMOOTH_LANDMARKS=True, MEDIAPIPE_ENABLE_SEGMENTATION=False, MEDIAPIPE_SMOOTH_SEGMENTATION=True, MEDIAPIPE_REFINE_FACE_LANDMARKS=False, MEDIAPIPE_MIN_DETECTION_CONFIDENCE=0.5, MEDIAPIPE_MIN_TRACKING_CONFIDENCE=0.5, MODEL_ENCODER_INPUT_DIM=225, MODEL_ENCODER_HIDDEN_DIM=256, MODEL_ENCODER_OUTPUT_DIM=768, MODEL_VQ_NUM_EMBS=10000, MODEL_VQ_EMBED_DIM=768, MODEL_VQ_COMMITMENT_COST=0.25, MODEL_DECODER_INPUT_DIM=768, MODEL_DECODER_HIDDEN_DIM=256, MODEL_DECODER_OUTPUT_DIM=225, NUM_EPOCHS=100, BATCH_SIZE=32, LEARNING_RATE=1e-05)
14;dataset/corpus/I╠çMZALAMAK_0.mp4;44;0;16;14;namespace(MEDIAPIPE_STATIC_IMAGE_MODE=False, MEDIAPIPE_MODEL_COMPLEXITY=1, MEDIAPIPE_SMOOTH_LANDMARKS=True, MEDIAPIPE_ENABLE_SEGMENTATION=False, MEDIAPIPE_SMOOTH_SEGMENTATION=True, MEDIAPIPE_REFINE_FACE_LANDMARKS=False, MEDIAPIPE_MIN_DETECTION_CONFIDENCE=0.5, MEDIAPIPE_MIN_TRACKING_CONFIDENCE=0.5, MODEL_ENCODER_INPUT_DIM=225, MODEL_ENCODER_HIDDEN_DIM=256, MODEL_ENCODER_OUTPUT_DIM=768, MODEL_VQ_NUM_EMBS=10000, MODEL_VQ_EMBED_DIM=768, MODEL_VQ_COMMITMENT_COST=0.25, MODEL_DECODER_INPUT_DIM=768, MODEL_DECODER_HIDDEN_DIM=256, MODEL_DECODER_OUTPUT_DIM=225, NUM_EPOCHS=100, BATCH_SIZE=32, LEARNING_RATE=1e-05)
15;dataset/corpus/GARANTI_0.mp4;64;0;30;28;namespace(MEDIAPIPE_STATIC_IMAGE_MODE=False, MEDIAPIPE_MODEL_COMPLEXITY=1, MEDIAPIPE_SMOOTH_LANDMARKS=True, MEDIAPIPE_ENABLE_SEGMENTATION=False, MEDIAPIPE_SMOOTH_SEGMENTATION=True, MEDIAPIPE_REFINE_FACE_LANDMARKS=False, MEDIAPIPE_MIN_DETECTION_CONFIDENCE=0.5, MEDIAPIPE_MIN_TRACKING_CONFIDENCE=0.5, MODEL_ENCODER_INPUT_DIM=225, MODEL_ENCODER_HIDDEN_DIM=256, MODEL_ENCODER_OUTPUT_DIM=768, MODEL_VQ_NUM_EMBS=10000, MODEL_VQ_EMBED_DIM=768, MODEL_VQ_COMMITMENT_COST=0.25, MODEL_DECODER_INPUT_DIM=768, MODEL_DECODER_HIDDEN_DIM=256, MODEL_DECODER_OUTPUT_DIM=225, NUM_EPOCHS=100, BATCH_SIZE=32, LEARNING_RATE=1e-05)
16;dataset/corpus/KUSURA BAKMAMAK_1.mp4;63;0;37;16;namespace(MEDIAPIPE_STATIC_IMAGE_MODE=False, MEDIAPIPE_MODEL_COMPLEXITY=1, MEDIAPIPE_SMOOTH_LANDMARKS=True, MEDIAPIPE_ENABLE_SEGMENTATION=False, MEDIAPIPE_SMOOTH_SEGMENTATION=True, MEDIAPIPE_REFINE_FACE_LANDMARKS=False, MEDIAPIPE_MIN_DETECTION_CONFIDENCE=0.5, MEDIAPIPE_MIN_TRACKING_CONFIDENCE=0.5, MODEL_ENCODER_INPUT_DIM=225, MODEL_ENCODER_HIDDEN_DIM=256, MODEL_ENCODER_OUTPUT_DIM=768, MODEL_VQ_NUM_EMBS=10000, MODEL_VQ_EMBED_DIM=768, MODEL_VQ_COMMITMENT_COST=0.25, MODEL_DECODER_INPUT_DIM=768, MODEL_DECODER_HIDDEN_DIM=256, MODEL_DECODER_OUTPUT_DIM=225, NUM_EPOCHS=100, BATCH_SIZE=32, LEARNING_RATE=1e-05)
17;dataset/corpus/SAC╠ğ_0.mp4;54;0;54;15;namespace(MEDIAPIPE_STATIC_IMAGE_MODE=False, MEDIAPIPE_MODEL_COMPLEXITY=1, MEDIAPIPE_SMOOTH_LANDMARKS=True, MEDIAPIPE_ENABLE_SEGMENTATION=False, MEDIAPIPE_SMOOTH_SEGMENTATION=True, MEDIAPIPE_REFINE_FACE_LANDMARKS=False, MEDIAPIPE_MIN_DETECTION_CONFIDENCE=0.5, MEDIAPIPE_MIN_TRACKING_CONFIDENCE=0.5, MODEL_ENCODER_INPUT_DIM=225, MODEL_ENCODER_HIDDEN_DIM=256, MODEL_ENCODER_OUTPUT_DIM=768, MODEL_VQ_NUM_EMBS=10000, MODEL_VQ_EMBED_DIM=768, MODEL_VQ_COMMITMENT_COST=0.25, MODEL_DECODER_INPUT_DIM=768, MODEL_DECODER_HIDDEN_DIM=256, MODEL_DECODER_OUTPUT_DIM=225, NUM_EPOCHS=100, BATCH_SIZE=32, LEARNING_RATE=1e-05)
18;dataset/corpus/VERGI _1.mp4;47;0;14;13;namespace(MEDIAPIPE_STATIC_IMAGE_MODE=False, MEDIAPIPE_MODEL_COMPLEXITY=1, MEDIAPIPE_SMOOTH_LANDMARKS=True, MEDIAPIPE_ENABLE_SEGMENTATION=False, MEDIAPIPE_SMOOTH_SEGMENTATION=True, MEDIAPIPE_REFINE_FACE_LANDMARKS=False, MEDIAPIPE_MIN_DETECTION_CONFIDENCE=0.5, MEDIAPIPE_MIN_TRACKING_CONFIDENCE=0.5, MODEL_ENCODER_INPUT_DIM=225, MODEL_ENCODER_HIDDEN_DIM=256, MODEL_ENCODER_OUTPUT_DIM=768, MODEL_VQ_NUM_EMBS=10000, MODEL_VQ_EMBED_DIM=768, MODEL_VQ_COMMITMENT_COST=0.25, MODEL_DECODER_INPUT_DIM=768, MODEL_DECODER_HIDDEN_DIM=256, MODEL_DECODER_OUTPUT_DIM=225, NUM_EPOCHS=100, BATCH_SIZE=32, LEARNING_RATE=1e-05)
19;dataset/corpus/YAVAS╠ğLAMAK_0.mp4;47;0;7;7;namespace(MEDIAPIPE_STATIC_IMAGE_MODE=False, MEDIAPIPE_MODEL_COMPLEXITY=1, MEDIAPIPE_SMOOTH_LANDMARKS=True, MEDIAPIPE_ENABLE_SEGMENTATION=False, MEDIAPIPE_SMOOTH_SEGMENTATION=True, MEDIAPIPE_REFINE_FACE_LANDMARKS=False, MEDIAPIPE_MIN_DETECTION_CONFIDENCE=0.5, MEDIAPIPE_MIN_TRACKING_CONFIDENCE=0.5, MODEL_ENCODER_INPUT_DIM=225, MODEL_ENCODER_HIDDEN_DIM=256, MODEL_ENCODER_OUTPUT_DIM=768, MODEL_VQ_NUM_EMBS=10000, MODEL_VQ_EMBED_DIM=768, MODEL_VQ_COMMITMENT_COST=0.25, MODEL_DECODER_INPUT_DIM=768, MODEL_DECODER_HIDDEN_DIM=256, MODEL_DECODER_OUTPUT_DIM=225, NUM_EPOCHS=100, BATCH_SIZE=32, LEARNING_RATE=1e-05)
20;dataset/corpus/BAG╠åIMSIZ _0.mp4;74;0;74;41;namespace(MEDIAPIPE_STATIC_IMAGE_MODE=False, MEDIAPIPE_MODEL_COMPLEXITY=1, MEDIAPIPE_SMOOTH_LANDMARKS=True, MEDIAPIPE_ENABLE_SEGMENTATION=False, MEDIAPIPE_SMOOTH_SEGMENTATION=True, MEDIAPIPE_REFINE_FACE_LANDMARKS=False, MEDIAPIPE_MIN_DETECTION_CONFIDENCE=0.5, MEDIAPIPE_MIN_TRACKING_CONFIDENCE=0.5, MODEL_ENCODER_INPUT_DIM=225, MODEL_ENCODER_HIDDEN_DIM=256, MODEL_ENCODER_OUTPUT_DIM=768, MODEL_VQ_NUM_EMBS=10000, MODEL_VQ_EMBED_DIM=768, MODEL_VQ_COMMITMENT_COST=0.25, MODEL_DECODER_INPUT_DIM=768, MODEL_DECODER_HIDDEN_DIM=256, MODEL_DECODER_OUTPUT_DIM=225, NUM_EPOCHS=100, BATCH_SIZE=32, LEARNING_RATE=1e-05)
21;dataset/corpus/GO╠êNU╠êL_0.mp4;41;0;41;11;namespace(MEDIAPIPE_STATIC_IMAGE_MODE=False, MEDIAPIPE_MODEL_COMPLEXITY=1, MEDIAPIPE_SMOOTH_LANDMARKS=True, MEDIAPIPE_ENABLE_SEGMENTATION=False, MEDIAPIPE_SMOOTH_SEGMENTATION=True, MEDIAPIPE_REFINE_FACE_LANDMARKS=False, MEDIAPIPE_MIN_DETECTION_CONFIDENCE=0.5, MEDIAPIPE_MIN_TRACKING_CONFIDENCE=0.5, MODEL_ENCODER_INPUT_DIM=225, MODEL_ENCODER_HIDDEN_DIM=256, MODEL_ENCODER_OUTPUT_DIM=768, MODEL_VQ_NUM_EMBS=10000, MODEL_VQ_EMBED_DIM=768, MODEL_VQ_COMMITMENT_COST=0.25, MODEL_DECODER_INPUT_DIM=768, MODEL_DECODER_HIDDEN_DIM=256, MODEL_DECODER_OUTPUT_DIM=225, NUM_EPOCHS=100, BATCH_SIZE=32, LEARNING_RATE=1e-05)
22;dataset/corpus/TREN_1.mp4;71;0;24;38;namespace(MEDIAPIPE_STATIC_IMAGE_MODE=False, MEDIAPIPE_MODEL_COMPLEXITY=1, MEDIAPIPE_SMOOTH_LANDMARKS=True, MEDIAPIPE_ENABLE_SEGMENTATION=False, MEDIAPIPE_SMOOTH_SEGMENTATION=True, MEDIAPIPE_REFINE_FACE_LANDMARKS=False, MEDIAPIPE_MIN_DETECTION_CONFIDENCE=0.5, MEDIAPIPE_MIN_TRACKING_CONFIDENCE=0.5, MODEL_ENCODER_INPUT_DIM=225, MODEL_ENCODER_HIDDEN_DIM=256, MODEL_ENCODER_OUTPUT_DIM=768, MODEL_VQ_NUM_EMBS=10000, MODEL_VQ_EMBED_DIM=768, MODEL_VQ_COMMITMENT_COST=0.25, MODEL_DECODER_INPUT_DIM=768, MODEL_DECODER_HIDDEN_DIM=256, MODEL_DECODER_OUTPUT_DIM=225, NUM_EPOCHS=100, BATCH_SIZE=32, LEARNING_RATE=1e-05)
23;dataset/corpus/C╠ğAY_1.mp4;74;0;74;34;namespace(MEDIAPIPE_STATIC_IMAGE_MODE=False, MEDIAPIPE_MODEL_COMPLEXITY=1, MEDIAPIPE_SMOOTH_LANDMARKS=True, MEDIAPIPE_ENABLE_SEGMENTATION=False, MEDIAPIPE_SMOOTH_SEGMENTATION=True, MEDIAPIPE_REFINE_FACE_LANDMARKS=False, MEDIAPIPE_MIN_DETECTION_CONFIDENCE=0.5, MEDIAPIPE_MIN_TRACKING_CONFIDENCE=0.5, MODEL_ENCODER_INPUT_DIM=225, MODEL_ENCODER_HIDDEN_DIM=256, MODEL_ENCODER_OUTPUT_DIM=768, MODEL_VQ_NUM_EMBS=10000, MODEL_VQ_EMBED_DIM=768, MODEL_VQ_COMMITMENT_COST=0.25, MODEL_DECODER_INPUT_DIM=768, MODEL_DECODER_HIDDEN_DIM=256, MODEL_DECODER_OUTPUT_DIM=225, NUM_EPOCHS=100, BATCH_SIZE=32, LEARNING_RATE=1e-05)
24;dataset/corpus/UC╠ğAK_0.mp4;51;0;51;12;namespace(MEDIAPIPE_STATIC_IMAGE_MODE=False, MEDIAPIPE_MODEL_COMPLEXITY=1, MEDIAPIPE_SMOOTH_LANDMARKS=True, MEDIAPIPE_ENABLE_SEGMENTATION=False, MEDIAPIPE_SMOOTH_SEGMENTATION=True, MEDIAPIPE_REFINE_FACE_LANDMARKS=False, MEDIAPIPE_MIN_DETECTION_CONFIDENCE=0.5, MEDIAPIPE_MIN_TRACKING_CONFIDENCE=0.5, MODEL_ENCODER_INPUT_DIM=225, MODEL_ENCODER_HIDDEN_DIM=256, MODEL_ENCODER_OUTPUT_DIM=768, MODEL_VQ_NUM_EMBS=10000, MODEL_VQ_EMBED_DIM=768, MODEL_VQ_COMMITMENT_COST=0.25, MODEL_DECODER_INPUT_DIM=768, MODEL_DECODER_HIDDEN_DIM=256, MODEL_DECODER_OUTPUT_DIM=225, NUM_EPOCHS=100, BATCH_SIZE=32, LEARNING_RATE=1e-05)
25;dataset/corpus/ALET_0.mp4;54;0;19;17;namespace(MEDIAPIPE_STATIC_IMAGE_MODE=False, MEDIAPIPE_MODEL_COMPLEXITY=1, MEDIAPIPE_SMOOTH_LANDMARKS=True, MEDIAPIPE_ENABLE_SEGMENTATION=False, MEDIAPIPE_SMOOTH_SEGMENTATION=True, MEDIAPIPE_REFINE_FACE_LANDMARKS=False, MEDIAPIPE_MIN_DETECTION_CONFIDENCE=0.5, MEDIAPIPE_MIN_TRACKING_CONFIDENCE=0.5, MODEL_ENCODER_INPUT_DIM=225, MODEL_ENCODER_HIDDEN_DIM=256, MODEL_ENCODER_OUTPUT_DIM=768, MODEL_VQ_NUM_EMBS=10000, MODEL_VQ_EMBED_DIM=768, MODEL_VQ_COMMITMENT_COST=0.25, MODEL_DECODER_INPUT_DIM=768, MODEL_DECODER_HIDDEN_DIM=256, MODEL_DECODER_OUTPUT_DIM=225, NUM_EPOCHS=100, BATCH_SIZE=32, LEARNING_RATE=1e-05)
26;dataset/corpus/PRATIK_0.mp4;48;0;16;16;namespace(MEDIAPIPE_STATIC_IMAGE_MODE=False, MEDIAPIPE_MODEL_COMPLEXITY=1, MEDIAPIPE_SMOOTH_LANDMARKS=True, MEDIAPIPE_ENABLE_SEGMENTATION=False, MEDIAPIPE_SMOOTH_SEGMENTATION=True, MEDIAPIPE_REFINE_FACE_LANDMARKS=False, MEDIAPIPE_MIN_DETECTION_CONFIDENCE=0.5, MEDIAPIPE_MIN_TRACKING_CONFIDENCE=0.5, MODEL_ENCODER_INPUT_DIM=225, MODEL_ENCODER_HIDDEN_DIM=256, MODEL_ENCODER_OUTPUT_DIM=768, MODEL_VQ_NUM_EMBS=10000, MODEL_VQ_EMBED_DIM=768, MODEL_VQ_COMMITMENT_COST=0.25, MODEL_DECODER_INPUT_DIM=768, MODEL_DECODER_HIDDEN_DIM=256, MODEL_DECODER_OUTPUT_DIM=225, NUM_EPOCHS=100, BATCH_SIZE=32, LEARNING_RATE=1e-05)
27;dataset/corpus/I╠çC╠ğIN_0.mp4;41;0;16;15;namespace(MEDIAPIPE_STATIC_IMAGE_MODE=False, MEDIAPIPE_MODEL_COMPLEXITY=1, MEDIAPIPE_SMOOTH_LANDMARKS=True, MEDIAPIPE_ENABLE_SEGMENTATION=False, MEDIAPIPE_SMOOTH_SEGMENTATION=True, MEDIAPIPE_REFINE_FACE_LANDMARKS=False, MEDIAPIPE_MIN_DETECTION_CONFIDENCE=0.5, MEDIAPIPE_MIN_TRACKING_CONFIDENCE=0.5, MODEL_ENCODER_INPUT_DIM=225, MODEL_ENCODER_HIDDEN_DIM=256, MODEL_ENCODER_OUTPUT_DIM=768, MODEL_VQ_NUM_EMBS=10000, MODEL_VQ_EMBED_DIM=768, MODEL_VQ_COMMITMENT_COST=0.25, MODEL_DECODER_INPUT_DIM=768, MODEL_DECODER_HIDDEN_DIM=256, MODEL_DECODER_OUTPUT_DIM=225, NUM_EPOCHS=100, BATCH_SIZE=32, LEARNING_RATE=1e-05)
28;dataset/corpus/BIRA_1.mp4;60;0;60;29;namespace(MEDIAPIPE_STATIC_IMAGE_MODE=False, MEDIAPIPE_MODEL_COMPLEXITY=1, MEDIAPIPE_SMOOTH_LANDMARKS=True, MEDIAPIPE_ENABLE_SEGMENTATION=False, MEDIAPIPE_SMOOTH_SEGMENTATION=True, MEDIAPIPE_REFINE_FACE_LANDMARKS=False, MEDIAPIPE_MIN_DETECTION_CONFIDENCE=0.5, MEDIAPIPE_MIN_TRACKING_CONFIDENCE=0.5, MODEL_ENCODER_INPUT_DIM=225, MODEL_ENCODER_HIDDEN_DIM=256, MODEL_ENCODER_OUTPUT_DIM=768, MODEL_VQ_NUM_EMBS=10000, MODEL_VQ_EMBED_DIM=768, MODEL_VQ_COMMITMENT_COST=0.25, MODEL_DECODER_INPUT_DIM=768, MODEL_DECODER_HIDDEN_DIM=256, MODEL_DECODER_OUTPUT_DIM=225, NUM_EPOCHS=100, BATCH_SIZE=32, LEARNING_RATE=1e-05)
29;dataset/corpus/MART_1.mp4;60;0;60;31;namespace(MEDIAPIPE_STATIC_IMAGE_MODE=False, MEDIAPIPE_MODEL_COMPLEXITY=1, MEDIAPIPE_SMOOTH_LANDMARKS=True, MEDIAPIPE_ENABLE_SEGMENTATION=False, MEDIAPIPE_SMOOTH_SEGMENTATION=True, MEDIAPIPE_REFINE_FACE_LANDMARKS=False, MEDIAPIPE_MIN_DETECTION_CONFIDENCE=0.5, MEDIAPIPE_MIN_TRACKING_CONFIDENCE=0.5, MODEL_ENCODER_INPUT_DIM=225, MODEL_ENCODER_HIDDEN_DIM=256, MODEL_ENCODER_OUTPUT_DIM=768, MODEL_VQ_NUM_EMBS=10000, MODEL_VQ_EMBED_DIM=768, MODEL_VQ_COMMITMENT_COST=0.25, MODEL_DECODER_INPUT_DIM=768, MODEL_DECODER_HIDDEN_DIM=256, MODEL_DECODER_OUTPUT_DIM=225, NUM_EPOCHS=100, BATCH_SIZE=32, LEARNING_RATE=1e-05)
30;dataset/corpus/U╠êLKE_2.mp4;42;0;17;20;namespace(MEDIAPIPE_STATIC_IMAGE_MODE=False, MEDIAPIPE_MODEL_COMPLEXITY=1, MEDIAPIPE_SMOOTH_LANDMARKS=True, MEDIAPIPE_ENABLE_SEGMENTATION=False, MEDIAPIPE_SMOOTH_SEGMENTATION=True, MEDIAPIPE_REFINE_FACE_LANDMARKS=False, MEDIAPIPE_MIN_DETECTION_CONFIDENCE=0.5, MEDIAPIPE_MIN_TRACKING_CONFIDENCE=0.5, MODEL_ENCODER_INPUT_DIM=225, MODEL_ENCODER_HIDDEN_DIM=256, MODEL_ENCODER_OUTPUT_DIM=768, MODEL_VQ_NUM_EMBS=10000, MODEL_VQ_EMBED_DIM=768, MODEL_VQ_COMMITMENT_COST=0.25, MODEL_DECODER_INPUT_DIM=768, MODEL_DECODER_HIDDEN_DIM=256, MODEL_DECODER_OUTPUT_DIM=225, NUM_EPOCHS=100, BATCH_SIZE=32, LEARNING_RATE=1e-05)
31;dataset/corpus/ODYOLOJI_1.mp4;62;0;31;32;namespace(MEDIAPIPE_STATIC_IMAGE_MODE=False, MEDIAPIPE_MODEL_COMPLEXITY=1, MEDIAPIPE_SMOOTH_LANDMARKS=True, MEDIAPIPE_ENABLE_SEGMENTATION=False, MEDIAPIPE_SMOOTH_SEGMENTATION=True, MEDIAPIPE_REFINE_FACE_LANDMARKS=False, MEDIAPIPE_MIN_DETECTION_CONFIDENCE=0.5, MEDIAPIPE_MIN_TRACKING_CONFIDENCE=0.5, MODEL_ENCODER_INPUT_DIM=225, MODEL_ENCODER_HIDDEN_DIM=256, MODEL_ENCODER_OUTPUT_DIM=768, MODEL_VQ_NUM_EMBS=10000, MODEL_VQ_EMBED_DIM=768, MODEL_VQ_COMMITMENT_COST=0.25, MODEL_DECODER_INPUT_DIM=768, MODEL_DECODER_HIDDEN_DIM=256, MODEL_DECODER_OUTPUT_DIM=225, NUM_EPOCHS=100, BATCH_SIZE=32, LEARNING_RATE=1e-05)
32;dataset/corpus/EG╠åITMEK_0.mp4;66;0;34;42;namespace(MEDIAPIPE_STATIC_IMAGE_MODE=False, MEDIAPIPE_MODEL_COMPLEXITY=1, MEDIAPIPE_SMOOTH_LANDMARKS=True, MEDIAPIPE_ENABLE_SEGMENTATION=False, MEDIAPIPE_SMOOTH_SEGMENTATION=True, MEDIAPIPE_REFINE_FACE_LANDMARKS=False, MEDIAPIPE_MIN_DETECTION_CONFIDENCE=0.5, MEDIAPIPE_MIN_TRACKING_CONFIDENCE=0.5, MODEL_ENCODER_INPUT_DIM=225, MODEL_ENCODER_HIDDEN_DIM=256, MODEL_ENCODER_OUTPUT_DIM=768, MODEL_VQ_NUM_EMBS=10000, MODEL_VQ_EMBED_DIM=768, MODEL_VQ_COMMITMENT_COST=0.25, MODEL_DECODER_INPUT_DIM=768, MODEL_DECODER_HIDDEN_DIM=256, MODEL_DECODER_OUTPUT_DIM=225, NUM_EPOCHS=100, BATCH_SIZE=32, LEARNING_RATE=1e-05)
33;dataset/corpus/ORTA SAHA_0.mp4;44;0;44;19;namespace(MEDIAPIPE_STATIC_IMAGE_MODE=False, MEDIAPIPE_MODEL_COMPLEXITY=1, MEDIAPIPE_SMOOTH_LANDMARKS=True, MEDIAPIPE_ENABLE_SEGMENTATION=False, MEDIAPIPE_SMOOTH_SEGMENTATION=True, MEDIAPIPE_REFINE_FACE_LANDMARKS=False, MEDIAPIPE_MIN_DETECTION_CONFIDENCE=0.5, MEDIAPIPE_MIN_TRACKING_CONFIDENCE=0.5, MODEL_ENCODER_INPUT_DIM=225, MODEL_ENCODER_HIDDEN_DIM=256, MODEL_ENCODER_OUTPUT_DIM=768, MODEL_VQ_NUM_EMBS=10000, MODEL_VQ_EMBED_DIM=768, MODEL_VQ_COMMITMENT_COST=0.25, MODEL_DECODER_INPUT_DIM=768, MODEL_DECODER_HIDDEN_DIM=256, MODEL_DECODER_OUTPUT_DIM=225, NUM_EPOCHS=100, BATCH_SIZE=32, LEARNING_RATE=1e-05)
34;dataset/corpus/BENCE_0.mp4;51;0;51;26;namespace(MEDIAPIPE_STATIC_IMAGE_MODE=False, MEDIAPIPE_MODEL_COMPLEXITY=1, MEDIAPIPE_SMOOTH_LANDMARKS=True, MEDIAPIPE_ENABLE_SEGMENTATION=False, MEDIAPIPE_SMOOTH_SEGMENTATION=True, MEDIAPIPE_REFINE_FACE_LANDMARKS=False, MEDIAPIPE_MIN_DETECTION_CONFIDENCE=0.5, MEDIAPIPE_MIN_TRACKING_CONFIDENCE=0.5, MODEL_ENCODER_INPUT_DIM=225, MODEL_ENCODER_HIDDEN_DIM=256, MODEL_ENCODER_OUTPUT_DIM=768, MODEL_VQ_NUM_EMBS=10000, MODEL_VQ_EMBED_DIM=768, MODEL_VQ_COMMITMENT_COST=0.25, MODEL_DECODER_INPUT_DIM=768, MODEL_DECODER_HIDDEN_DIM=256, MODEL_DECODER_OUTPUT_DIM=225, NUM_EPOCHS=100, BATCH_SIZE=32, LEARNING_RATE=1e-05)
35;dataset/corpus/KALP_0.mp4;43;0;43;23;namespace(MEDIAPIPE_STATIC_IMAGE_MODE=False, MEDIAPIPE_MODEL_COMPLEXITY=1, MEDIAPIPE_SMOOTH_LANDMARKS=True, MEDIAPIPE_ENABLE_SEGMENTATION=False, MEDIAPIPE_SMOOTH_SEGMENTATION=True, MEDIAPIPE_REFINE_FACE_LANDMARKS=False, MEDIAPIPE_MIN_DETECTION_CONFIDENCE=0.5, MEDIAPIPE_MIN_TRACKING_CONFIDENCE=0.5, MODEL_ENCODER_INPUT_DIM=225, MODEL_ENCODER_HIDDEN_DIM=256, MODEL_ENCODER_OUTPUT_DIM=768, MODEL_VQ_NUM_EMBS=10000, MODEL_VQ_EMBED_DIM=768, MODEL_VQ_COMMITMENT_COST=0.25, MODEL_DECODER_INPUT_DIM=768, MODEL_DECODER_HIDDEN_DIM=256, MODEL_DECODER_OUTPUT_DIM=225, NUM_EPOCHS=100, BATCH_SIZE=32, LEARNING_RATE=1e-05)
36;dataset/corpus/METRO_0.mp4;60;0;19;22;namespace(MEDIAPIPE_STATIC_IMAGE_MODE=False, MEDIAPIPE_MODEL_COMPLEXITY=1, MEDIAPIPE_SMOOTH_LANDMARKS=True, MEDIAPIPE_ENABLE_SEGMENTATION=False, MEDIAPIPE_SMOOTH_SEGMENTATION=True, MEDIAPIPE_REFINE_FACE_LANDMARKS=False, MEDIAPIPE_MIN_DETECTION_CONFIDENCE=0.5, MEDIAPIPE_MIN_TRACKING_CONFIDENCE=0.5, MODEL_ENCODER_INPUT_DIM=225, MODEL_ENCODER_HIDDEN_DIM=256, MODEL_ENCODER_OUTPUT_DIM=768, MODEL_VQ_NUM_EMBS=10000, MODEL_VQ_EMBED_DIM=768, MODEL_VQ_COMMITMENT_COST=0.25, MODEL_DECODER_INPUT_DIM=768, MODEL_DECODER_HIDDEN_DIM=256, MODEL_DECODER_OUTPUT_DIM=225, NUM_EPOCHS=100, BATCH_SIZE=32, LEARNING_RATE=1e-05)
37;dataset/corpus/PARMAK _1.mp4;58;0;30;33;namespace(MEDIAPIPE_STATIC_IMAGE_MODE=False, MEDIAPIPE_MODEL_COMPLEXITY=1, MEDIAPIPE_SMOOTH_LANDMARKS=True, MEDIAPIPE_ENABLE_SEGMENTATION=False, MEDIAPIPE_SMOOTH_SEGMENTATION=True, MEDIAPIPE_REFINE_FACE_LANDMARKS=False, MEDIAPIPE_MIN_DETECTION_CONFIDENCE=0.5, MEDIAPIPE_MIN_TRACKING_CONFIDENCE=0.5, MODEL_ENCODER_INPUT_DIM=225, MODEL_ENCODER_HIDDEN_DIM=256, MODEL_ENCODER_OUTPUT_DIM=768, MODEL_VQ_NUM_EMBS=10000, MODEL_VQ_EMBED_DIM=768, MODEL_VQ_COMMITMENT_COST=0.25, MODEL_DECODER_INPUT_DIM=768, MODEL_DECODER_HIDDEN_DIM=256, MODEL_DECODER_OUTPUT_DIM=225, NUM_EPOCHS=100, BATCH_SIZE=32, LEARNING_RATE=1e-05)
38;dataset/corpus/S╠ğIS╠ğE_0.mp4;48;0;18;15;namespace(MEDIAPIPE_STATIC_IMAGE_MODE=False, MEDIAPIPE_MODEL_COMPLEXITY=1, MEDIAPIPE_SMOOTH_LANDMARKS=True, MEDIAPIPE_ENABLE_SEGMENTATION=False, MEDIAPIPE_SMOOTH_SEGMENTATION=True, MEDIAPIPE_REFINE_FACE_LANDMARKS=False, MEDIAPIPE_MIN_DETECTION_CONFIDENCE=0.5, MEDIAPIPE_MIN_TRACKING_CONFIDENCE=0.5, MODEL_ENCODER_INPUT_DIM=225, MODEL_ENCODER_HIDDEN_DIM=256, MODEL_ENCODER_OUTPUT_DIM=768, MODEL_VQ_NUM_EMBS=10000, MODEL_VQ_EMBED_DIM=768, MODEL_VQ_COMMITMENT_COST=0.25, MODEL_DECODER_INPUT_DIM=768, MODEL_DECODER_HIDDEN_DIM=256, MODEL_DECODER_OUTPUT_DIM=225, NUM_EPOCHS=100, BATCH_SIZE=32, LEARNING_RATE=1e-05)
39;dataset/corpus/KILO_2.mp4;52;0;12;13;namespace(MEDIAPIPE_STATIC_IMAGE_MODE=False, MEDIAPIPE_MODEL_COMPLEXITY=1, MEDIAPIPE_SMOOTH_LANDMARKS=True, MEDIAPIPE_ENABLE_SEGMENTATION=False, MEDIAPIPE_SMOOTH_SEGMENTATION=True, MEDIAPIPE_REFINE_FACE_LANDMARKS=False, MEDIAPIPE_MIN_DETECTION_CONFIDENCE=0.5, MEDIAPIPE_MIN_TRACKING_CONFIDENCE=0.5, MODEL_ENCODER_INPUT_DIM=225, MODEL_ENCODER_HIDDEN_DIM=256, MODEL_ENCODER_OUTPUT_DIM=768, MODEL_VQ_NUM_EMBS=10000, MODEL_VQ_EMBED_DIM=768, MODEL_VQ_COMMITMENT_COST=0.25, MODEL_DECODER_INPUT_DIM=768, MODEL_DECODER_HIDDEN_DIM=256, MODEL_DECODER_OUTPUT_DIM=225, NUM_EPOCHS=100, BATCH_SIZE=32, LEARNING_RATE=1e-05)
40;dataset/corpus/TEKME_1.mp4;42;0;14;12;namespace(MEDIAPIPE_STATIC_IMAGE_MODE=False, MEDIAPIPE_MODEL_COMPLEXITY=1, MEDIAPIPE_SMOOTH_LANDMARKS=True, MEDIAPIPE_ENABLE_SEGMENTATION=False, MEDIAPIPE_SMOOTH_SEGMENTATION=True, MEDIAPIPE_REFINE_FACE_LANDMARKS=False, MEDIAPIPE_MIN_DETECTION_CONFIDENCE=0.5, MEDIAPIPE_MIN_TRACKING_CONFIDENCE=0.5, MODEL_ENCODER_INPUT_DIM=225, MODEL_ENCODER_HIDDEN_DIM=256, MODEL_ENCODER_OUTPUT_DIM=768, MODEL_VQ_NUM_EMBS=10000, MODEL_VQ_EMBED_DIM=768, MODEL_VQ_COMMITMENT_COST=0.25, MODEL_DECODER_INPUT_DIM=768, MODEL_DECODER_HIDDEN_DIM=256, MODEL_DECODER_OUTPUT_DIM=225, NUM_EPOCHS=100, BATCH_SIZE=32, LEARNING_RATE=1e-05)
41;dataset/corpus/TAKSIT_0.mp4;48;0;12;14;namespace(MEDIAPIPE_STATIC_IMAGE_MODE=False, MEDIAPIPE_MODEL_COMPLEXITY=1, MEDIAPIPE_SMOOTH_LANDMARKS=True, MEDIAPIPE_ENABLE_SEGMENTATION=False, MEDIAPIPE_SMOOTH_SEGMENTATION=True, MEDIAPIPE_REFINE_FACE_LANDMARKS=False, MEDIAPIPE_MIN_DETECTION_CONFIDENCE=0.5, MEDIAPIPE_MIN_TRACKING_CONFIDENCE=0.5, MODEL_ENCODER_INPUT_DIM=225, MODEL_ENCODER_HIDDEN_DIM=256, MODEL_ENCODER_OUTPUT_DIM=768, MODEL_VQ_NUM_EMBS=10000, MODEL_VQ_EMBED_DIM=768, MODEL_VQ_COMMITMENT_COST=0.25, MODEL_DECODER_INPUT_DIM=768, MODEL_DECODER_HIDDEN_DIM=256, MODEL_DECODER_OUTPUT_DIM=225, NUM_EPOCHS=100, BATCH_SIZE=32, LEARNING_RATE=1e-05)
42;dataset/corpus/YAZ_0.mp4;57;0;57;26;namespace(MEDIAPIPE_STATIC_IMAGE_MODE=False, MEDIAPIPE_MODEL_COMPLEXITY=1, MEDIAPIPE_SMOOTH_LANDMARKS=True, MEDIAPIPE_ENABLE_SEGMENTATION=False, MEDIAPIPE_SMOOTH_SEGMENTATION=True, MEDIAPIPE_REFINE_FACE_LANDMARKS=False, MEDIAPIPE_MIN_DETECTION_CONFIDENCE=0.5, MEDIAPIPE_MIN_TRACKING_CONFIDENCE=0.5, MODEL_ENCODER_INPUT_DIM=225, MODEL_ENCODER_HIDDEN_DIM=256, MODEL_ENCODER_OUTPUT_DIM=768, MODEL_VQ_NUM_EMBS=10000, MODEL_VQ_EMBED_DIM=768, MODEL_VQ_COMMITMENT_COST=0.25, MODEL_DECODER_INPUT_DIM=768, MODEL_DECODER_HIDDEN_DIM=256, MODEL_DECODER_OUTPUT_DIM=225, NUM_EPOCHS=100, BATCH_SIZE=32, LEARNING_RATE=1e-05)
43;dataset/corpus/SEVGILI_2.mp4;56;0;56;23;namespace(MEDIAPIPE_STATIC_IMAGE_MODE=False, MEDIAPIPE_MODEL_COMPLEXITY=1, MEDIAPIPE_SMOOTH_LANDMARKS=True, MEDIAPIPE_ENABLE_SEGMENTATION=False, MEDIAPIPE_SMOOTH_SEGMENTATION=True, MEDIAPIPE_REFINE_FACE_LANDMARKS=False, MEDIAPIPE_MIN_DETECTION_CONFIDENCE=0.5, MEDIAPIPE_MIN_TRACKING_CONFIDENCE=0.5, MODEL_ENCODER_INPUT_DIM=225, MODEL_ENCODER_HIDDEN_DIM=256, MODEL_ENCODER_OUTPUT_DIM=768, MODEL_VQ_NUM_EMBS=10000, MODEL_VQ_EMBED_DIM=768, MODEL_VQ_COMMITMENT_COST=0.25, MODEL_DECODER_INPUT_DIM=768, MODEL_DECODER_HIDDEN_DIM=256, MODEL_DECODER_OUTPUT_DIM=225, NUM_EPOCHS=100, BATCH_SIZE=32, LEARNING_RATE=1e-05)
44;dataset/corpus/KOL_0.mp4;70;0;41;37;namespace(MEDIAPIPE_STATIC_IMAGE_MODE=False, MEDIAPIPE_MODEL_COMPLEXITY=1, MEDIAPIPE_SMOOTH_LANDMARKS=True, MEDIAPIPE_ENABLE_SEGMENTATION=False, MEDIAPIPE_SMOOTH_SEGMENTATION=True, MEDIAPIPE_REFINE_FACE_LANDMARKS=False, MEDIAPIPE_MIN_DETECTION_CONFIDENCE=0.5, MEDIAPIPE_MIN_TRACKING_CONFIDENCE=0.5, MODEL_ENCODER_INPUT_DIM=225, MODEL_ENCODER_HIDDEN_DIM=256, MODEL_ENCODER_OUTPUT_DIM=768, MODEL_VQ_NUM_EMBS=10000, MODEL_VQ_EMBED_DIM=768, MODEL_VQ_COMMITMENT_COST=0.25, MODEL_DECODER_INPUT_DIM=768, MODEL_DECODER_HIDDEN_DIM=256, MODEL_DECODER_OUTPUT_DIM=225, NUM_EPOCHS=100, BATCH_SIZE=32, LEARNING_RATE=1e-05)
45;dataset/corpus/ONAYLAMAK_0.mp4;47;0;20;16;namespace(MEDIAPIPE_STATIC_IMAGE_MODE=False, MEDIAPIPE_MODEL_COMPLEXITY=1, MEDIAPIPE_SMOOTH_LANDMARKS=True, MEDIAPIPE_ENABLE_SEGMENTATION=False, MEDIAPIPE_SMOOTH_SEGMENTATION=True, MEDIAPIPE_REFINE_FACE_LANDMARKS=False, MEDIAPIPE_MIN_DETECTION_CONFIDENCE=0.5, MEDIAPIPE_MIN_TRACKING_CONFIDENCE=0.5, MODEL_ENCODER_INPUT_DIM=225, MODEL_ENCODER_HIDDEN_DIM=256, MODEL_ENCODER_OUTPUT_DIM=768, MODEL_VQ_NUM_EMBS=10000, MODEL_VQ_EMBED_DIM=768, MODEL_VQ_COMMITMENT_COST=0.25, MODEL_DECODER_INPUT_DIM=768, MODEL_DECODER_HIDDEN_DIM=256, MODEL_DECODER_OUTPUT_DIM=225, NUM_EPOCHS=100, BATCH_SIZE=32, LEARNING_RATE=1e-05)
46;dataset/corpus/DERS _1.mp4;44;0;14;10;namespace(MEDIAPIPE_STATIC_IMAGE_MODE=False, MEDIAPIPE_MODEL_COMPLEXITY=1, MEDIAPIPE_SMOOTH_LANDMARKS=True, MEDIAPIPE_ENABLE_SEGMENTATION=False, MEDIAPIPE_SMOOTH_SEGMENTATION=True, MEDIAPIPE_REFINE_FACE_LANDMARKS=False, MEDIAPIPE_MIN_DETECTION_CONFIDENCE=0.5, MEDIAPIPE_MIN_TRACKING_CONFIDENCE=0.5, MODEL_ENCODER_INPUT_DIM=225, MODEL_ENCODER_HIDDEN_DIM=256, MODEL_ENCODER_OUTPUT_DIM=768, MODEL_VQ_NUM_EMBS=10000, MODEL_VQ_EMBED_DIM=768, MODEL_VQ_COMMITMENT_COST=0.25, MODEL_DECODER_INPUT_DIM=768, MODEL_DECODER_HIDDEN_DIM=256, MODEL_DECODER_OUTPUT_DIM=225, NUM_EPOCHS=100, BATCH_SIZE=32, LEARNING_RATE=1e-05)
47;dataset/corpus/EKRAN_0.mp4;51;0;14;13;namespace(MEDIAPIPE_STATIC_IMAGE_MODE=False, MEDIAPIPE_MODEL_COMPLEXITY=1, MEDIAPIPE_SMOOTH_LANDMARKS=True, MEDIAPIPE_ENABLE_SEGMENTATION=False, MEDIAPIPE_SMOOTH_SEGMENTATION=True, MEDIAPIPE_REFINE_FACE_LANDMARKS=False, MEDIAPIPE_MIN_DETECTION_CONFIDENCE=0.5, MEDIAPIPE_MIN_TRACKING_CONFIDENCE=0.5, MODEL_ENCODER_INPUT_DIM=225, MODEL_ENCODER_HIDDEN_DIM=256, MODEL_ENCODER_OUTPUT_DIM=768, MODEL_VQ_NUM_EMBS=10000, MODEL_VQ_EMBED_DIM=768, MODEL_VQ_COMMITMENT_COST=0.25, MODEL_DECODER_INPUT_DIM=768, MODEL_DECODER_HIDDEN_DIM=256, MODEL_DECODER_OUTPUT_DIM=225, NUM_EPOCHS=100, BATCH_SIZE=32, LEARNING_RATE=1e-05)
48;dataset/corpus/BURA_2.mp4;45;0;10;11;namespace(MEDIAPIPE_STATIC_IMAGE_MODE=False, MEDIAPIPE_MODEL_COMPLEXITY=1, MEDIAPIPE_SMOOTH_LANDMARKS=True, MEDIAPIPE_ENABLE_SEGMENTATION=False, MEDIAPIPE_SMOOTH_SEGMENTATION=True, MEDIAPIPE_REFINE_FACE_LANDMARKS=False, MEDIAPIPE_MIN_DETECTION_CONFIDENCE=0.5, MEDIAPIPE_MIN_TRACKING_CONFIDENCE=0.5, MODEL_ENCODER_INPUT_DIM=225, MODEL_ENCODER_HIDDEN_DIM=256, MODEL_ENCODER_OUTPUT_DIM=768, MODEL_VQ_NUM_EMBS=10000, MODEL_VQ_EMBED_DIM=768, MODEL_VQ_COMMITMENT_COST=0.25, MODEL_DECODER_INPUT_DIM=768, MODEL_DECODER_HIDDEN_DIM=256, MODEL_DECODER_OUTPUT_DIM=225, NUM_EPOCHS=100, BATCH_SIZE=32, LEARNING_RATE=1e-05)
49;dataset/corpus/BAKMAK_1.mp4;46;0;46;20;namespace(MEDIAPIPE_STATIC_IMAGE_MODE=False, MEDIAPIPE_MODEL_COMPLEXITY=1, MEDIAPIPE_SMOOTH_LANDMARKS=True, MEDIAPIPE_ENABLE_SEGMENTATION=False, MEDIAPIPE_SMOOTH_SEGMENTATION=True, MEDIAPIPE_REFINE_FACE_LANDMARKS=False, MEDIAPIPE_MIN_DETECTION_CONFIDENCE=0.5, MEDIAPIPE_MIN_TRACKING_CONFIDENCE=0.5, MODEL_ENCODER_INPUT_DIM=225, MODEL_ENCODER_HIDDEN_DIM=256, MODEL_ENCODER_OUTPUT_DIM=768, MODEL_VQ_NUM_EMBS=10000, MODEL_VQ_EMBED_DIM=768, MODEL_VQ_COMMITMENT_COST=0.25, MODEL_DECODER_INPUT_DIM=768, MODEL_DECODER_HIDDEN_DIM=256, MODEL_DECODER_OUTPUT_DIM=225, NUM_EPOCHS=100, BATCH_SIZE=32, LEARNING_RATE=1e-05)
50;dataset/corpus/MIMIK_0.mp4;52;0;15;17;namespace(MEDIAPIPE_STATIC_IMAGE_MODE=False, MEDIAPIPE_MODEL_COMPLEXITY=1, MEDIAPIPE_SMOOTH_LANDMARKS=True, MEDIAPIPE_ENABLE_SEGMENTATION=False, MEDIAPIPE_SMOOTH_SEGMENTATION=True, MEDIAPIPE_REFINE_FACE_LANDMARKS=False, MEDIAPIPE_MIN_DETECTION_CONFIDENCE=0.5, MEDIAPIPE_MIN_TRACKING_CONFIDENCE=0.5, MODEL_ENCODER_INPUT_DIM=225, MODEL_ENCODER_HIDDEN_DIM=256, MODEL_ENCODER_OUTPUT_DIM=768, MODEL_VQ_NUM_EMBS=10000, MODEL_VQ_EMBED_DIM=768, MODEL_VQ_COMMITMENT_COST=0.25, MODEL_DECODER_INPUT_DIM=768, MODEL_DECODER_HIDDEN_DIM=256, MODEL_DECODER_OUTPUT_DIM=225, NUM_EPOCHS=100, BATCH_SIZE=32, LEARNING_RATE=1e-05)
51;dataset/corpus/CEP_1.mp4;42;0;42;16;namespace(MEDIAPIPE_STATIC_IMAGE_MODE=False, MEDIAPIPE_MODEL_COMPLEXITY=1, MEDIAPIPE_SMOOTH_LANDMARKS=True, MEDIAPIPE_ENABLE_SEGMENTATION=False, MEDIAPIPE_SMOOTH_SEGMENTATION=True, MEDIAPIPE_REFINE_FACE_LANDMARKS=False, MEDIAPIPE_MIN_DETECTION_CONFIDENCE=0.5, MEDIAPIPE_MIN_TRACKING_CONFIDENCE=0.5, MODEL_ENCODER_INPUT_DIM=225, MODEL_ENCODER_HIDDEN_DIM=256, MODEL_ENCODER_OUTPUT_DIM=768, MODEL_VQ_NUM_EMBS=10000, MODEL_VQ_EMBED_DIM=768, MODEL_VQ_COMMITMENT_COST=0.25, MODEL_DECODER_INPUT_DIM=768, MODEL_DECODER_HIDDEN_DIM=256, MODEL_DECODER_OUTPUT_DIM=225, NUM_EPOCHS=100, BATCH_SIZE=32, LEARNING_RATE=1e-05)
52;dataset/corpus/ZIL C╠ğALMAK_2.mp4;45;0;45;20;namespace(MEDIAPIPE_STATIC_IMAGE_MODE=False, MEDIAPIPE_MODEL_COMPLEXITY=1, MEDIAPIPE_SMOOTH_LANDMARKS=True, MEDIAPIPE_ENABLE_SEGMENTATION=False, MEDIAPIPE_SMOOTH_SEGMENTATION=True, MEDIAPIPE_REFINE_FACE_LANDMARKS=False, MEDIAPIPE_MIN_DETECTION_CONFIDENCE=0.5, MEDIAPIPE_MIN_TRACKING_CONFIDENCE=0.5, MODEL_ENCODER_INPUT_DIM=225, MODEL_ENCODER_HIDDEN_DIM=256, MODEL_ENCODER_OUTPUT_DIM=768, MODEL_VQ_NUM_EMBS=10000, MODEL_VQ_EMBED_DIM=768, MODEL_VQ_COMMITMENT_COST=0.25, MODEL_DECODER_INPUT_DIM=768, MODEL_DECODER_HIDDEN_DIM=256, MODEL_DECODER_OUTPUT_DIM=225, NUM_EPOCHS=100, BATCH_SIZE=32, LEARNING_RATE=1e-05)
53;dataset/corpus/MODEL_0.mp4;53;0;11;14;namespace(MEDIAPIPE_STATIC_IMAGE_MODE=False, MEDIAPIPE_MODEL_COMPLEXITY=1, MEDIAPIPE_SMOOTH_LANDMARKS=True, MEDIAPIPE_ENABLE_SEGMENTATION=False, MEDIAPIPE_SMOOTH_SEGMENTATION=True, MEDIAPIPE_REFINE_FACE_LANDMARKS=False, MEDIAPIPE_MIN_DETECTION_CONFIDENCE=0.5, MEDIAPIPE_MIN_TRACKING_CONFIDENCE=0.5, MODEL_ENCODER_INPUT_DIM=225, MODEL_ENCODER_HIDDEN_DIM=256, MODEL_ENCODER_OUTPUT_DIM=768, MODEL_VQ_NUM_EMBS=10000, MODEL_VQ_EMBED_DIM=768, MODEL_VQ_COMMITMENT_COST=0.25, MODEL_DECODER_INPUT_DIM=768, MODEL_DECODER_HIDDEN_DIM=256, MODEL_DECODER_OUTPUT_DIM=225, NUM_EPOCHS=100, BATCH_SIZE=32, LEARNING_RATE=1e-05)
54;dataset/corpus/TUTULMAK_0.mp4;50;0;18;17;namespace(MEDIAPIPE_STATIC_IMAGE_MODE=False, MEDIAPIPE_MODEL_COMPLEXITY=1, MEDIAPIPE_SMOOTH_LANDMARKS=True, MEDIAPIPE_ENABLE_SEGMENTATION=False, MEDIAPIPE_SMOOTH_SEGMENTATION=True, MEDIAPIPE_REFINE_FACE_LANDMARKS=False, MEDIAPIPE_MIN_DETECTION_CONFIDENCE=0.5, MEDIAPIPE_MIN_TRACKING_CONFIDENCE=0.5, MODEL_ENCODER_INPUT_DIM=225, MODEL_ENCODER_HIDDEN_DIM=256, MODEL_ENCODER_OUTPUT_DIM=768, MODEL_VQ_NUM_EMBS=10000, MODEL_VQ_EMBED_DIM=768, MODEL_VQ_COMMITMENT_COST=0.25, MODEL_DECODER_INPUT_DIM=768, MODEL_DECODER_HIDDEN_DIM=256, MODEL_DECODER_OUTPUT_DIM=225, NUM_EPOCHS=100, BATCH_SIZE=32, LEARNING_RATE=1e-05)
55;dataset/corpus/AMAN_1.mp4;45;0;19;20;namespace(MEDIAPIPE_STATIC_IMAGE_MODE=False, MEDIAPIPE_MODEL_COMPLEXITY=1, MEDIAPIPE_SMOOTH_LANDMARKS=True, MEDIAPIPE_ENABLE_SEGMENTATION=False, MEDIAPIPE_SMOOTH_SEGMENTATION=True, MEDIAPIPE_REFINE_FACE_LANDMARKS=False, MEDIAPIPE_MIN_DETECTION_CONFIDENCE=0.5, MEDIAPIPE_MIN_TRACKING_CONFIDENCE=0.5, MODEL_ENCODER_INPUT_DIM=225, MODEL_ENCODER_HIDDEN_DIM=256, MODEL_ENCODER_OUTPUT_DIM=768, MODEL_VQ_NUM_EMBS=10000, MODEL_VQ_EMBED_DIM=768, MODEL_VQ_COMMITMENT_COST=0.25, MODEL_DECODER_INPUT_DIM=768, MODEL_DECODER_HIDDEN_DIM=256, MODEL_DECODER_OUTPUT_DIM=225, NUM_EPOCHS=100, BATCH_SIZE=32, LEARNING_RATE=1e-05)
56;dataset/corpus/HESAP MAKINESI_0.mp4;44;0;21;19;namespace(MEDIAPIPE_STATIC_IMAGE_MODE=False, MEDIAPIPE_MODEL_COMPLEXITY=1, MEDIAPIPE_SMOOTH_LANDMARKS=True, MEDIAPIPE_ENABLE_SEGMENTATION=False, MEDIAPIPE_SMOOTH_SEGMENTATION=True, MEDIAPIPE_REFINE_FACE_LANDMARKS=False, MEDIAPIPE_MIN_DETECTION_CONFIDENCE=0.5, MEDIAPIPE_MIN_TRACKING_CONFIDENCE=0.5, MODEL_ENCODER_INPUT_DIM=225, MODEL_ENCODER_HIDDEN_DIM=256, MODEL_ENCODER_OUTPUT_DIM=768, MODEL_VQ_NUM_EMBS=10000, MODEL_VQ_EMBED_DIM=768, MODEL_VQ_COMMITMENT_COST=0.25, MODEL_DECODER_INPUT_DIM=768, MODEL_DECODER_HIDDEN_DIM=256, MODEL_DECODER_OUTPUT_DIM=225, NUM_EPOCHS=100, BATCH_SIZE=32, LEARNING_RATE=1e-05)
57;dataset/corpus/HIRSIZ_1.mp4;54;0;10;13;namespace(MEDIAPIPE_STATIC_IMAGE_MODE=False, MEDIAPIPE_MODEL_COMPLEXITY=1, MEDIAPIPE_SMOOTH_LANDMARKS=True, MEDIAPIPE_ENABLE_SEGMENTATION=False, MEDIAPIPE_SMOOTH_SEGMENTATION=True, MEDIAPIPE_REFINE_FACE_LANDMARKS=False, MEDIAPIPE_MIN_DETECTION_CONFIDENCE=0.5, MEDIAPIPE_MIN_TRACKING_CONFIDENCE=0.5, MODEL_ENCODER_INPUT_DIM=225, MODEL_ENCODER_HIDDEN_DIM=256, MODEL_ENCODER_OUTPUT_DIM=768, MODEL_VQ_NUM_EMBS=10000, MODEL_VQ_EMBED_DIM=768, MODEL_VQ_COMMITMENT_COST=0.25, MODEL_DECODER_INPUT_DIM=768, MODEL_DECODER_HIDDEN_DIM=256, MODEL_DECODER_OUTPUT_DIM=225, NUM_EPOCHS=100, BATCH_SIZE=32, LEARNING_RATE=1e-05)
58;dataset/corpus/KAPALI_1.mp4;62;0;36;38;namespace(MEDIAPIPE_STATIC_IMAGE_MODE=False, MEDIAPIPE_MODEL_COMPLEXITY=1, MEDIAPIPE_SMOOTH_LANDMARKS=True, MEDIAPIPE_ENABLE_SEGMENTATION=False, MEDIAPIPE_SMOOTH_SEGMENTATION=True, MEDIAPIPE_REFINE_FACE_LANDMARKS=False, MEDIAPIPE_MIN_DETECTION_CONFIDENCE=0.5, MEDIAPIPE_MIN_TRACKING_CONFIDENCE=0.5, MODEL_ENCODER_INPUT_DIM=225, MODEL_ENCODER_HIDDEN_DIM=256, MODEL_ENCODER_OUTPUT_DIM=768, MODEL_VQ_NUM_EMBS=10000, MODEL_VQ_EMBED_DIM=768, MODEL_VQ_COMMITMENT_COST=0.25, MODEL_DECODER_INPUT_DIM=768, MODEL_DECODER_HIDDEN_DIM=256, MODEL_DECODER_OUTPUT_DIM=225, NUM_EPOCHS=100, BATCH_SIZE=32, LEARNING_RATE=1e-05)
59;dataset/corpus/HAYRAN KALMAK_0.mp4;47;0;27;23;namespace(MEDIAPIPE_STATIC_IMAGE_MODE=False, MEDIAPIPE_MODEL_COMPLEXITY=1, MEDIAPIPE_SMOOTH_LANDMARKS=True, MEDIAPIPE_ENABLE_SEGMENTATION=False, MEDIAPIPE_SMOOTH_SEGMENTATION=True, MEDIAPIPE_REFINE_FACE_LANDMARKS=False, MEDIAPIPE_MIN_DETECTION_CONFIDENCE=0.5, MEDIAPIPE_MIN_TRACKING_CONFIDENCE=0.5, MODEL_ENCODER_INPUT_DIM=225, MODEL_ENCODER_HIDDEN_DIM=256, MODEL_ENCODER_OUTPUT_DIM=768, MODEL_VQ_NUM_EMBS=10000, MODEL_VQ_EMBED_DIM=768, MODEL_VQ_COMMITMENT_COST=0.25, MODEL_DECODER_INPUT_DIM=768, MODEL_DECODER_HIDDEN_DIM=256, MODEL_DECODER_OUTPUT_DIM=225, NUM_EPOCHS=100, BATCH_SIZE=32, LEARNING_RATE=1e-05)
60;dataset/corpus/YATMAK_1.mp4;35;0;35;12;namespace(MEDIAPIPE_STATIC_IMAGE_MODE=False, MEDIAPIPE_MODEL_COMPLEXITY=1, MEDIAPIPE_SMOOTH_LANDMARKS=True, MEDIAPIPE_ENABLE_SEGMENTATION=False, MEDIAPIPE_SMOOTH_SEGMENTATION=True, MEDIAPIPE_REFINE_FACE_LANDMARKS=False, MEDIAPIPE_MIN_DETECTION_CONFIDENCE=0.5, MEDIAPIPE_MIN_TRACKING_CONFIDENCE=0.5, MODEL_ENCODER_INPUT_DIM=225, MODEL_ENCODER_HIDDEN_DIM=256, MODEL_ENCODER_OUTPUT_DIM=768, MODEL_VQ_NUM_EMBS=10000, MODEL_VQ_EMBED_DIM=768, MODEL_VQ_COMMITMENT_COST=0.25, MODEL_DECODER_INPUT_DIM=768, MODEL_DECODER_HIDDEN_DIM=256, MODEL_DECODER_OUTPUT_DIM=225, NUM_EPOCHS=100, BATCH_SIZE=32, LEARNING_RATE=1e-05)
61;dataset/corpus/SIVRI_0.mp4;61;0;61;30;namespace(MEDIAPIPE_STATIC_IMAGE_MODE=False, MEDIAPIPE_MODEL_COMPLEXITY=1, MEDIAPIPE_SMOOTH_LANDMARKS=True, MEDIAPIPE_ENABLE_SEGMENTATION=False, MEDIAPIPE_SMOOTH_SEGMENTATION=True, MEDIAPIPE_REFINE_FACE_LANDMARKS=False, MEDIAPIPE_MIN_DETECTION_CONFIDENCE=0.5, MEDIAPIPE_MIN_TRACKING_CONFIDENCE=0.5, MODEL_ENCODER_INPUT_DIM=225, MODEL_ENCODER_HIDDEN_DIM=256, MODEL_ENCODER_OUTPUT_DIM=768, MODEL_VQ_NUM_EMBS=10000, MODEL_VQ_EMBED_DIM=768, MODEL_VQ_COMMITMENT_COST=0.25, MODEL_DECODER_INPUT_DIM=768, MODEL_DECODER_HIDDEN_DIM=256, MODEL_DECODER_OUTPUT_DIM=225, NUM_EPOCHS=100, BATCH_SIZE=32, LEARNING_RATE=1e-05)
62;dataset/corpus/DEG╠åIS╠ğ TOKUS╠ğ_0.mp4;64;0;21;16;namespace(MEDIAPIPE_STATIC_IMAGE_MODE=False, MEDIAPIPE_MODEL_COMPLEXITY=1, MEDIAPIPE_SMOOTH_LANDMARKS=True, MEDIAPIPE_ENABLE_SEGMENTATION=False, MEDIAPIPE_SMOOTH_SEGMENTATION=True, MEDIAPIPE_REFINE_FACE_LANDMARKS=False, MEDIAPIPE_MIN_DETECTION_CONFIDENCE=0.5, MEDIAPIPE_MIN_TRACKING_CONFIDENCE=0.5, MODEL_ENCODER_INPUT_DIM=225, MODEL_ENCODER_HIDDEN_DIM=256, MODEL_ENCODER_OUTPUT_DIM=768, MODEL_VQ_NUM_EMBS=10000, MODEL_VQ_EMBED_DIM=768, MODEL_VQ_COMMITMENT_COST=0.25, MODEL_DECODER_INPUT_DIM=768, MODEL_DECODER_HIDDEN_DIM=256, MODEL_DECODER_OUTPUT_DIM=225, NUM_EPOCHS=100, BATCH_SIZE=32, LEARNING_RATE=1e-05)
63;dataset/corpus/KAVGA ETMEK_0.mp4;49;0;19;18;namespace(MEDIAPIPE_STATIC_IMAGE_MODE=False, MEDIAPIPE_MODEL_COMPLEXITY=1, MEDIAPIPE_SMOOTH_LANDMARKS=True, MEDIAPIPE_ENABLE_SEGMENTATION=False, MEDIAPIPE_SMOOTH_SEGMENTATION=True, MEDIAPIPE_REFINE_FACE_LANDMARKS=False, MEDIAPIPE_MIN_DETECTION_CONFIDENCE=0.5, MEDIAPIPE_MIN_TRACKING_CONFIDENCE=0.5, MODEL_ENCODER_INPUT_DIM=225, MODEL_ENCODER_HIDDEN_DIM=256, MODEL_ENCODER_OUTPUT_DIM=768, MODEL_VQ_NUM_EMBS=10000, MODEL_VQ_EMBED_DIM=768, MODEL_VQ_COMMITMENT_COST=0.25, MODEL_DECODER_INPUT_DIM=768, MODEL_DECODER_HIDDEN_DIM=256, MODEL_DECODER_OUTPUT_DIM=225, NUM_EPOCHS=100, BATCH_SIZE=32, LEARNING_RATE=1e-05)
64;dataset/corpus/HAZIRLAMAK_0.mp4;53;0;20;22;namespace(MEDIAPIPE_STATIC_IMAGE_MODE=False, MEDIAPIPE_MODEL_COMPLEXITY=1, MEDIAPIPE_SMOOTH_LANDMARKS=True, MEDIAPIPE_ENABLE_SEGMENTATION=False, MEDIAPIPE_SMOOTH_SEGMENTATION=True, MEDIAPIPE_REFINE_FACE_LANDMARKS=False, MEDIAPIPE_MIN_DETECTION_CONFIDENCE=0.5, MEDIAPIPE_MIN_TRACKING_CONFIDENCE=0.5, MODEL_ENCODER_INPUT_DIM=225, MODEL_ENCODER_HIDDEN_DIM=256, MODEL_ENCODER_OUTPUT_DIM=768, MODEL_VQ_NUM_EMBS=10000, MODEL_VQ_EMBED_DIM=768, MODEL_VQ_COMMITMENT_COST=0.25, MODEL_DECODER_INPUT_DIM=768, MODEL_DECODER_HIDDEN_DIM=256, MODEL_DECODER_OUTPUT_DIM=225, NUM_EPOCHS=100, BATCH_SIZE=32, LEARNING_RATE=1e-05)
65;dataset/corpus/PROJE _0.mp4;40;0;11;11;namespace(MEDIAPIPE_STATIC_IMAGE_MODE=False, MEDIAPIPE_MODEL_COMPLEXITY=1, MEDIAPIPE_SMOOTH_LANDMARKS=True, MEDIAPIPE_ENABLE_SEGMENTATION=False, MEDIAPIPE_SMOOTH_SEGMENTATION=True, MEDIAPIPE_REFINE_FACE_LANDMARKS=False, MEDIAPIPE_MIN_DETECTION_CONFIDENCE=0.5, MEDIAPIPE_MIN_TRACKING_CONFIDENCE=0.5, MODEL_ENCODER_INPUT_DIM=225, MODEL_ENCODER_HIDDEN_DIM=256, MODEL_ENCODER_OUTPUT_DIM=768, MODEL_VQ_NUM_EMBS=10000, MODEL_VQ_EMBED_DIM=768, MODEL_VQ_COMMITMENT_COST=0.25, MODEL_DECODER_INPUT_DIM=768, MODEL_DECODER_HIDDEN_DIM=256, MODEL_DECODER_OUTPUT_DIM=225, NUM_EPOCHS=100, BATCH_SIZE=32, LEARNING_RATE=1e-05)
66;dataset/corpus/BAS╠ğARMAK_0.mp4;37;0;17;15;namespace(MEDIAPIPE_STATIC_IMAGE_MODE=False, MEDIAPIPE_MODEL_COMPLEXITY=1, MEDIAPIPE_SMOOTH_LANDMARKS=True, MEDIAPIPE_ENABLE_SEGMENTATION=False, MEDIAPIPE_SMOOTH_SEGMENTATION=True, MEDIAPIPE_REFINE_FACE_LANDMARKS=False, MEDIAPIPE_MIN_DETECTION_CONFIDENCE=0.5, MEDIAPIPE_MIN_TRACKING_CONFIDENCE=0.5, MODEL_ENCODER_INPUT_DIM=225, MODEL_ENCODER_HIDDEN_DIM=256, MODEL_ENCODER_OUTPUT_DIM=768, MODEL_VQ_NUM_EMBS=10000, MODEL_VQ_EMBED_DIM=768, MODEL_VQ_COMMITMENT_COST=0.25, MODEL_DECODER_INPUT_DIM=768, MODEL_DECODER_HIDDEN_DIM=256, MODEL_DECODER_OUTPUT_DIM=225, NUM_EPOCHS=100, BATCH_SIZE=32, LEARNING_RATE=1e-05)
67;dataset/corpus/BELGE_1.mp4;71;0;19;18;namespace(MEDIAPIPE_STATIC_IMAGE_MODE=False, MEDIAPIPE_MODEL_COMPLEXITY=1, MEDIAPIPE_SMOOTH_LANDMARKS=True, MEDIAPIPE_ENABLE_SEGMENTATION=False, MEDIAPIPE_SMOOTH_SEGMENTATION=True, MEDIAPIPE_REFINE_FACE_LANDMARKS=False, MEDIAPIPE_MIN_DETECTION_CONFIDENCE=0.5, MEDIAPIPE_MIN_TRACKING_CONFIDENCE=0.5, MODEL_ENCODER_INPUT_DIM=225, MODEL_ENCODER_HIDDEN_DIM=256, MODEL_ENCODER_OUTPUT_DIM=768, MODEL_VQ_NUM_EMBS=10000, MODEL_VQ_EMBED_DIM=768, MODEL_VQ_COMMITMENT_COST=0.25, MODEL_DECODER_INPUT_DIM=768, MODEL_DECODER_HIDDEN_DIM=256, MODEL_DECODER_OUTPUT_DIM=225, NUM_EPOCHS=100, BATCH_SIZE=32, LEARNING_RATE=1e-05)
68;dataset/corpus/UG╠åUR_1.mp4;45;0;17;14;namespace(MEDIAPIPE_STATIC_IMAGE_MODE=False, MEDIAPIPE_MODEL_COMPLEXITY=1, MEDIAPIPE_SMOOTH_LANDMARKS=True, MEDIAPIPE_ENABLE_SEGMENTATION=False, MEDIAPIPE_SMOOTH_SEGMENTATION=True, MEDIAPIPE_REFINE_FACE_LANDMARKS=False, MEDIAPIPE_MIN_DETECTION_CONFIDENCE=0.5, MEDIAPIPE_MIN_TRACKING_CONFIDENCE=0.5, MODEL_ENCODER_INPUT_DIM=225, MODEL_ENCODER_HIDDEN_DIM=256, MODEL_ENCODER_OUTPUT_DIM=768, MODEL_VQ_NUM_EMBS=10000, MODEL_VQ_EMBED_DIM=768, MODEL_VQ_COMMITMENT_COST=0.25, MODEL_DECODER_INPUT_DIM=768, MODEL_DECODER_HIDDEN_DIM=256, MODEL_DECODER_OUTPUT_DIM=225, NUM_EPOCHS=100, BATCH_SIZE=32, LEARNING_RATE=1e-05)
69;dataset/corpus/DU╠êNYA_1.mp4;51;0;21;10;namespace(MEDIAPIPE_STATIC_IMAGE_MODE=False, MEDIAPIPE_MODEL_COMPLEXITY=1, MEDIAPIPE_SMOOTH_LANDMARKS=True, MEDIAPIPE_ENABLE_SEGMENTATION=False, MEDIAPIPE_SMOOTH_SEGMENTATION=True, MEDIAPIPE_REFINE_FACE_LANDMARKS=False, MEDIAPIPE_MIN_DETECTION_CONFIDENCE=0.5, MEDIAPIPE_MIN_TRACKING_CONFIDENCE=0.5, MODEL_ENCODER_INPUT_DIM=225, MODEL_ENCODER_HIDDEN_DIM=256, MODEL_ENCODER_OUTPUT_DIM=768, MODEL_VQ_NUM_EMBS=10000, MODEL_VQ_EMBED_DIM=768, MODEL_VQ_COMMITMENT_COST=0.25, MODEL_DECODER_INPUT_DIM=768, MODEL_DECODER_HIDDEN_DIM=256, MODEL_DECODER_OUTPUT_DIM=225, NUM_EPOCHS=100, BATCH_SIZE=32, LEARNING_RATE=1e-05)
70;dataset/corpus/ALC╠ğALMAK_0.mp4;50;0;50;17;namespace(MEDIAPIPE_STATIC_IMAGE_MODE=False, MEDIAPIPE_MODEL_COMPLEXITY=1, MEDIAPIPE_SMOOTH_LANDMARKS=True, MEDIAPIPE_ENABLE_SEGMENTATION=False, MEDIAPIPE_SMOOTH_SEGMENTATION=True, MEDIAPIPE_REFINE_FACE_LANDMARKS=False, MEDIAPIPE_MIN_DETECTION_CONFIDENCE=0.5, MEDIAPIPE_MIN_TRACKING_CONFIDENCE=0.5, MODEL_ENCODER_INPUT_DIM=225, MODEL_ENCODER_HIDDEN_DIM=256, MODEL_ENCODER_OUTPUT_DIM=768, MODEL_VQ_NUM_EMBS=10000, MODEL_VQ_EMBED_DIM=768, MODEL_VQ_COMMITMENT_COST=0.25, MODEL_DECODER_INPUT_DIM=768, MODEL_DECODER_HIDDEN_DIM=256, MODEL_DECODER_OUTPUT_DIM=225, NUM_EPOCHS=100, BATCH_SIZE=32, LEARNING_RATE=1e-05)
71;dataset/corpus/HIZ _2.mp4;41;0;41;16;namespace(MEDIAPIPE_STATIC_IMAGE_MODE=False, MEDIAPIPE_MODEL_COMPLEXITY=1, MEDIAPIPE_SMOOTH_LANDMARKS=True, MEDIAPIPE_ENABLE_SEGMENTATION=False, MEDIAPIPE_SMOOTH_SEGMENTATION=True, MEDIAPIPE_REFINE_FACE_LANDMARKS=False, MEDIAPIPE_MIN_DETECTION_CONFIDENCE=0.5, MEDIAPIPE_MIN_TRACKING_CONFIDENCE=0.5, MODEL_ENCODER_INPUT_DIM=225, MODEL_ENCODER_HIDDEN_DIM=256, MODEL_ENCODER_OUTPUT_DIM=768, MODEL_VQ_NUM_EMBS=10000, MODEL_VQ_EMBED_DIM=768, MODEL_VQ_COMMITMENT_COST=0.25, MODEL_DECODER_INPUT_DIM=768, MODEL_DECODER_HIDDEN_DIM=256, MODEL_DECODER_OUTPUT_DIM=225, NUM_EPOCHS=100, BATCH_SIZE=32, LEARNING_RATE=1e-05)
72;dataset/corpus/S╠ğOK _1.mp4;76;0;76;49;namespace(MEDIAPIPE_STATIC_IMAGE_MODE=False, MEDIAPIPE_MODEL_COMPLEXITY=1, MEDIAPIPE_SMOOTH_LANDMARKS=True, MEDIAPIPE_ENABLE_SEGMENTATION=False, MEDIAPIPE_SMOOTH_SEGMENTATION=True, MEDIAPIPE_REFINE_FACE_LANDMARKS=False, MEDIAPIPE_MIN_DETECTION_CONFIDENCE=0.5, MEDIAPIPE_MIN_TRACKING_CONFIDENCE=0.5, MODEL_ENCODER_INPUT_DIM=225, MODEL_ENCODER_HIDDEN_DIM=256, MODEL_ENCODER_OUTPUT_DIM=768, MODEL_VQ_NUM_EMBS=10000, MODEL_VQ_EMBED_DIM=768, MODEL_VQ_COMMITMENT_COST=0.25, MODEL_DECODER_INPUT_DIM=768, MODEL_DECODER_HIDDEN_DIM=256, MODEL_DECODER_OUTPUT_DIM=225, NUM_EPOCHS=100, BATCH_SIZE=32, LEARNING_RATE=1e-05)
73;dataset/corpus/NASIL _0.mp4;73;0;49;49;namespace(MEDIAPIPE_STATIC_IMAGE_MODE=False, MEDIAPIPE_MODEL_COMPLEXITY=1, MEDIAPIPE_SMOOTH_LANDMARKS=True, MEDIAPIPE_ENABLE_SEGMENTATION=False, MEDIAPIPE_SMOOTH_SEGMENTATION=True, MEDIAPIPE_REFINE_FACE_LANDMARKS=False, MEDIAPIPE_MIN_DETECTION_CONFIDENCE=0.5, MEDIAPIPE_MIN_TRACKING_CONFIDENCE=0.5, MODEL_ENCODER_INPUT_DIM=225, MODEL_ENCODER_HIDDEN_DIM=256, MODEL_ENCODER_OUTPUT_DIM=768, MODEL_VQ_NUM_EMBS=10000, MODEL_VQ_EMBED_DIM=768, MODEL_VQ_COMMITMENT_COST=0.25, MODEL_DECODER_INPUT_DIM=768, MODEL_DECODER_HIDDEN_DIM=256, MODEL_DECODER_OUTPUT_DIM=225, NUM_EPOCHS=100, BATCH_SIZE=32, LEARNING_RATE=1e-05)
74;dataset/corpus/TOPLAM_0.mp4;43;0;26;27;namespace(MEDIAPIPE_STATIC_IMAGE_MODE=False, MEDIAPIPE_MODEL_COMPLEXITY=1, MEDIAPIPE_SMOOTH_LANDMARKS=True, MEDIAPIPE_ENABLE_SEGMENTATION=False, MEDIAPIPE_SMOOTH_SEGMENTATION=True, MEDIAPIPE_REFINE_FACE_LANDMARKS=False, MEDIAPIPE_MIN_DETECTION_CONFIDENCE=0.5, MEDIAPIPE_MIN_TRACKING_CONFIDENCE=0.5, MODEL_ENCODER_INPUT_DIM=225, MODEL_ENCODER_HIDDEN_DIM=256, MODEL_ENCODER_OUTPUT_DIM=768, MODEL_VQ_NUM_EMBS=10000, MODEL_VQ_EMBED_DIM=768, MODEL_VQ_COMMITMENT_COST=0.25, MODEL_DECODER_INPUT_DIM=768, MODEL_DECODER_HIDDEN_DIM=256, MODEL_DECODER_OUTPUT_DIM=225, NUM_EPOCHS=100, BATCH_SIZE=32, LEARNING_RATE=1e-05)
75;dataset/corpus/ENAYI_0.mp4;49;0;49;20;namespace(MEDIAPIPE_STATIC_IMAGE_MODE=False, MEDIAPIPE_MODEL_COMPLEXITY=1, MEDIAPIPE_SMOOTH_LANDMARKS=True, MEDIAPIPE_ENABLE_SEGMENTATION=False, MEDIAPIPE_SMOOTH_SEGMENTATION=True, MEDIAPIPE_REFINE_FACE_LANDMARKS=False, MEDIAPIPE_MIN_DETECTION_CONFIDENCE=0.5, MEDIAPIPE_MIN_TRACKING_CONFIDENCE=0.5, MODEL_ENCODER_INPUT_DIM=225, MODEL_ENCODER_HIDDEN_DIM=256, MODEL_ENCODER_OUTPUT_DIM=768, MODEL_VQ_NUM_EMBS=10000, MODEL_VQ_EMBED_DIM=768, MODEL_VQ_COMMITMENT_COST=0.25, MODEL_DECODER_INPUT_DIM=768, MODEL_DECODER_HIDDEN_DIM=256, MODEL_DECODER_OUTPUT_DIM=225, NUM_EPOCHS=100, BATCH_SIZE=32, LEARNING_RATE=1e-05)
76;dataset/corpus/ORTAK _0.mp4;51;0;26;22;namespace(MEDIAPIPE_STATIC_IMAGE_MODE=False, MEDIAPIPE_MODEL_COMPLEXITY=1, MEDIAPIPE_SMOOTH_LANDMARKS=True, MEDIAPIPE_ENABLE_SEGMENTATION=False, MEDIAPIPE_SMOOTH_SEGMENTATION=True, MEDIAPIPE_REFINE_FACE_LANDMARKS=False, MEDIAPIPE_MIN_DETECTION_CONFIDENCE=0.5, MEDIAPIPE_MIN_TRACKING_CONFIDENCE=0.5, MODEL_ENCODER_INPUT_DIM=225, MODEL_ENCODER_HIDDEN_DIM=256, MODEL_ENCODER_OUTPUT_DIM=768, MODEL_VQ_NUM_EMBS=10000, MODEL_VQ_EMBED_DIM=768, MODEL_VQ_COMMITMENT_COST=0.25, MODEL_DECODER_INPUT_DIM=768, MODEL_DECODER_HIDDEN_DIM=256, MODEL_DECODER_OUTPUT_DIM=225, NUM_EPOCHS=100, BATCH_SIZE=32, LEARNING_RATE=1e-05)
77;dataset/corpus/YIKILMAK_2.mp4;48;0;27;23;namespace(MEDIAPIPE_STATIC_IMAGE_MODE=False, MEDIAPIPE_MODEL_COMPLEXITY=1, MEDIAPIPE_SMOOTH_LANDMARKS=True, MEDIAPIPE_ENABLE_SEGMENTATION=False, MEDIAPIPE_SMOOTH_SEGMENTATION=True, MEDIAPIPE_REFINE_FACE_LANDMARKS=False, MEDIAPIPE_MIN_DETECTION_CONFIDENCE=0.5, MEDIAPIPE_MIN_TRACKING_CONFIDENCE=0.5, MODEL_ENCODER_INPUT_DIM=225, MODEL_ENCODER_HIDDEN_DIM=256, MODEL_ENCODER_OUTPUT_DIM=768, MODEL_VQ_NUM_EMBS=10000, MODEL_VQ_EMBED_DIM=768, MODEL_VQ_COMMITMENT_COST=0.25, MODEL_DECODER_INPUT_DIM=768, MODEL_DECODER_HIDDEN_DIM=256, MODEL_DECODER_OUTPUT_DIM=225, NUM_EPOCHS=100, BATCH_SIZE=32, LEARNING_RATE=1e-05)
78;dataset/corpus/C╠ğIZMEK_1.mp4;66;0;21;19;namespace(MEDIAPIPE_STATIC_IMAGE_MODE=False, MEDIAPIPE_MODEL_COMPLEXITY=1, MEDIAPIPE_SMOOTH_LANDMARKS=True, MEDIAPIPE_ENABLE_SEGMENTATION=False, MEDIAPIPE_SMOOTH_SEGMENTATION=True, MEDIAPIPE_REFINE_FACE_LANDMARKS=False, MEDIAPIPE_MIN_DETECTION_CONFIDENCE=0.5, MEDIAPIPE_MIN_TRACKING_CONFIDENCE=0.5, MODEL_ENCODER_INPUT_DIM=225, MODEL_ENCODER_HIDDEN_DIM=256, MODEL_ENCODER_OUTPUT_DIM=768, MODEL_VQ_NUM_EMBS=10000, MODEL_VQ_EMBED_DIM=768, MODEL_VQ_COMMITMENT_COST=0.25, MODEL_DECODER_INPUT_DIM=768, MODEL_DECODER_HIDDEN_DIM=256, MODEL_DECODER_OUTPUT_DIM=225, NUM_EPOCHS=100, BATCH_SIZE=32, LEARNING_RATE=1e-05)
79;dataset/corpus/KESMEK_2.mp4;67;0;51;47;namespace(MEDIAPIPE_STATIC_IMAGE_MODE=False, MEDIAPIPE_MODEL_COMPLEXITY=1, MEDIAPIPE_SMOOTH_LANDMARKS=True, MEDIAPIPE_ENABLE_SEGMENTATION=False, MEDIAPIPE_SMOOTH_SEGMENTATION=True, MEDIAPIPE_REFINE_FACE_LANDMARKS=False, MEDIAPIPE_MIN_DETECTION_CONFIDENCE=0.5, MEDIAPIPE_MIN_TRACKING_CONFIDENCE=0.5, MODEL_ENCODER_INPUT_DIM=225, MODEL_ENCODER_HIDDEN_DIM=256, MODEL_ENCODER_OUTPUT_DIM=768, MODEL_VQ_NUM_EMBS=10000, MODEL_VQ_EMBED_DIM=768, MODEL_VQ_COMMITMENT_COST=0.25, MODEL_DECODER_INPUT_DIM=768, MODEL_DECODER_HIDDEN_DIM=256, MODEL_DECODER_OUTPUT_DIM=225, NUM_EPOCHS=100, BATCH_SIZE=32, LEARNING_RATE=1e-05)
80;dataset/corpus/TRAFIK_1.mp4;47;0;47;14;namespace(MEDIAPIPE_STATIC_IMAGE_MODE=False, MEDIAPIPE_MODEL_COMPLEXITY=1, MEDIAPIPE_SMOOTH_LANDMARKS=True, MEDIAPIPE_ENABLE_SEGMENTATION=False, MEDIAPIPE_SMOOTH_SEGMENTATION=True, MEDIAPIPE_REFINE_FACE_LANDMARKS=False, MEDIAPIPE_MIN_DETECTION_CONFIDENCE=0.5, MEDIAPIPE_MIN_TRACKING_CONFIDENCE=0.5, MODEL_ENCODER_INPUT_DIM=225, MODEL_ENCODER_HIDDEN_DIM=256, MODEL_ENCODER_OUTPUT_DIM=768, MODEL_VQ_NUM_EMBS=10000, MODEL_VQ_EMBED_DIM=768, MODEL_VQ_COMMITMENT_COST=0.25, MODEL_DECODER_INPUT_DIM=768, MODEL_DECODER_HIDDEN_DIM=256, MODEL_DECODER_OUTPUT_DIM=225, NUM_EPOCHS=100, BATCH_SIZE=32, LEARNING_RATE=1e-05)
81;dataset/corpus/PANIK_1.mp4;47;0;15;15;namespace(MEDIAPIPE_STATIC_IMAGE_MODE=False, MEDIAPIPE_MODEL_COMPLEXITY=1, MEDIAPIPE_SMOOTH_LANDMARKS=True, MEDIAPIPE_ENABLE_SEGMENTATION=False, MEDIAPIPE_SMOOTH_SEGMENTATION=True, MEDIAPIPE_REFINE_FACE_LANDMARKS=False, MEDIAPIPE_MIN_DETECTION_CONFIDENCE=0.5, MEDIAPIPE_MIN_TRACKING_CONFIDENCE=0.5, MODEL_ENCODER_INPUT_DIM=225, MODEL_ENCODER_HIDDEN_DIM=256, MODEL_ENCODER_OUTPUT_DIM=768, MODEL_VQ_NUM_EMBS=10000, MODEL_VQ_EMBED_DIM=768, MODEL_VQ_COMMITMENT_COST=0.25, MODEL_DECODER_INPUT_DIM=768, MODEL_DECODER_HIDDEN_DIM=256, MODEL_DECODER_OUTPUT_DIM=225, NUM_EPOCHS=100, BATCH_SIZE=32, LEARNING_RATE=1e-05)
82;dataset/corpus/HACI_0.mp4;45;0;45;8;namespace(MEDIAPIPE_STATIC_IMAGE_MODE=False, MEDIAPIPE_MODEL_COMPLEXITY=1, MEDIAPIPE_SMOOTH_LANDMARKS=True, MEDIAPIPE_ENABLE_SEGMENTATION=False, MEDIAPIPE_SMOOTH_SEGMENTATION=True, MEDIAPIPE_REFINE_FACE_LANDMARKS=False, MEDIAPIPE_MIN_DETECTION_CONFIDENCE=0.5, MEDIAPIPE_MIN_TRACKING_CONFIDENCE=0.5, MODEL_ENCODER_INPUT_DIM=225, MODEL_ENCODER_HIDDEN_DIM=256, MODEL_ENCODER_OUTPUT_DIM=768, MODEL_VQ_NUM_EMBS=10000, MODEL_VQ_EMBED_DIM=768, MODEL_VQ_COMMITMENT_COST=0.25, MODEL_DECODER_INPUT_DIM=768, MODEL_DECODER_HIDDEN_DIM=256, MODEL_DECODER_OUTPUT_DIM=225, NUM_EPOCHS=100, BATCH_SIZE=32, LEARNING_RATE=1e-05)
83;dataset/corpus/DEG╠åIS╠ğIK _2.mp4;57;0;30;30;namespace(MEDIAPIPE_STATIC_IMAGE_MODE=False, MEDIAPIPE_MODEL_COMPLEXITY=1, MEDIAPIPE_SMOOTH_LANDMARKS=True, MEDIAPIPE_ENABLE_SEGMENTATION=False, MEDIAPIPE_SMOOTH_SEGMENTATION=True, MEDIAPIPE_REFINE_FACE_LANDMARKS=False, MEDIAPIPE_MIN_DETECTION_CONFIDENCE=0.5, MEDIAPIPE_MIN_TRACKING_CONFIDENCE=0.5, MODEL_ENCODER_INPUT_DIM=225, MODEL_ENCODER_HIDDEN_DIM=256, MODEL_ENCODER_OUTPUT_DIM=768, MODEL_VQ_NUM_EMBS=10000, MODEL_VQ_EMBED_DIM=768, MODEL_VQ_COMMITMENT_COST=0.25, MODEL_DECODER_INPUT_DIM=768, MODEL_DECODER_HIDDEN_DIM=256, MODEL_DECODER_OUTPUT_DIM=225, NUM_EPOCHS=100, BATCH_SIZE=32, LEARNING_RATE=1e-05)
84;dataset/corpus/BALTALAMAK_1.mp4;61;0;28;24;namespace(MEDIAPIPE_STATIC_IMAGE_MODE=False, MEDIAPIPE_MODEL_COMPLEXITY=1, MEDIAPIPE_SMOOTH_LANDMARKS=True, MEDIAPIPE_ENABLE_SEGMENTATION=False, MEDIAPIPE_SMOOTH_SEGMENTATION=True, MEDIAPIPE_REFINE_FACE_LANDMARKS=False, MEDIAPIPE_MIN_DETECTION_CONFIDENCE=0.5, MEDIAPIPE_MIN_TRACKING_CONFIDENCE=0.5, MODEL_ENCODER_INPUT_DIM=225, MODEL_ENCODER_HIDDEN_DIM=256, MODEL_ENCODER_OUTPUT_DIM=768, MODEL_VQ_NUM_EMBS=10000, MODEL_VQ_EMBED_DIM=768, MODEL_VQ_COMMITMENT_COST=0.25, MODEL_DECODER_INPUT_DIM=768, MODEL_DECODER_HIDDEN_DIM=256, MODEL_DECODER_OUTPUT_DIM=225, NUM_EPOCHS=100, BATCH_SIZE=32, LEARNING_RATE=1e-05)
85;dataset/corpus/MITING_0.mp4;47;0;20;22;namespace(MEDIAPIPE_STATIC_IMAGE_MODE=False, MEDIAPIPE_MODEL_COMPLEXITY=1, MEDIAPIPE_SMOOTH_LANDMARKS=True, MEDIAPIPE_ENABLE_SEGMENTATION=False, MEDIAPIPE_SMOOTH_SEGMENTATION=True, MEDIAPIPE_REFINE_FACE_LANDMARKS=False, MEDIAPIPE_MIN_DETECTION_CONFIDENCE=0.5, MEDIAPIPE_MIN_TRACKING_CONFIDENCE=0.5, MODEL_ENCODER_INPUT_DIM=225, MODEL_ENCODER_HIDDEN_DIM=256, MODEL_ENCODER_OUTPUT_DIM=768, MODEL_VQ_NUM_EMBS=10000, MODEL_VQ_EMBED_DIM=768, MODEL_VQ_COMMITMENT_COST=0.25, MODEL_DECODER_INPUT_DIM=768, MODEL_DECODER_HIDDEN_DIM=256, MODEL_DECODER_OUTPUT_DIM=225, NUM_EPOCHS=100, BATCH_SIZE=32, LEARNING_RATE=1e-05)
86;dataset/corpus/YAYA_0.mp4;54;0;14;14;namespace(MEDIAPIPE_STATIC_IMAGE_MODE=False, MEDIAPIPE_MODEL_COMPLEXITY=1, MEDIAPIPE_SMOOTH_LANDMARKS=True, MEDIAPIPE_ENABLE_SEGMENTATION=False, MEDIAPIPE_SMOOTH_SEGMENTATION=True, MEDIAPIPE_REFINE_FACE_LANDMARKS=False, MEDIAPIPE_MIN_DETECTION_CONFIDENCE=0.5, MEDIAPIPE_MIN_TRACKING_CONFIDENCE=0.5, MODEL_ENCODER_INPUT_DIM=225, MODEL_ENCODER_HIDDEN_DIM=256, MODEL_ENCODER_OUTPUT_DIM=768, MODEL_VQ_NUM_EMBS=10000, MODEL_VQ_EMBED_DIM=768, MODEL_VQ_COMMITMENT_COST=0.25, MODEL_DECODER_INPUT_DIM=768, MODEL_DECODER_HIDDEN_DIM=256, MODEL_DECODER_OUTPUT_DIM=225, NUM_EPOCHS=100, BATCH_SIZE=32, LEARNING_RATE=1e-05)
87;dataset/corpus/YARIS╠ğ_0.mp4;83;0;43;39;namespace(MEDIAPIPE_STATIC_IMAGE_MODE=False, MEDIAPIPE_MODEL_COMPLEXITY=1, MEDIAPIPE_SMOOTH_LANDMARKS=True, MEDIAPIPE_ENABLE_SEGMENTATION=False, MEDIAPIPE_SMOOTH_SEGMENTATION=True, MEDIAPIPE_REFINE_FACE_LANDMARKS=False, MEDIAPIPE_MIN_DETECTION_CONFIDENCE=0.5, MEDIAPIPE_MIN_TRACKING_CONFIDENCE=0.5, MODEL_ENCODER_INPUT_DIM=225, MODEL_ENCODER_HIDDEN_DIM=256, MODEL_ENCODER_OUTPUT_DIM=768, MODEL_VQ_NUM_EMBS=10000, MODEL_VQ_EMBED_DIM=768, MODEL_VQ_COMMITMENT_COST=0.25, MODEL_DECODER_INPUT_DIM=768, MODEL_DECODER_HIDDEN_DIM=256, MODEL_DECODER_OUTPUT_DIM=225, NUM_EPOCHS=100, BATCH_SIZE=32, LEARNING_RATE=1e-05)
88;dataset/corpus/FEDERASYON_0.mp4;62;0;25;28;namespace(MEDIAPIPE_STATIC_IMAGE_MODE=False, MEDIAPIPE_MODEL_COMPLEXITY=1, MEDIAPIPE_SMOOTH_LANDMARKS=True, MEDIAPIPE_ENABLE_SEGMENTATION=False, MEDIAPIPE_SMOOTH_SEGMENTATION=True, MEDIAPIPE_REFINE_FACE_LANDMARKS=False, MEDIAPIPE_MIN_DETECTION_CONFIDENCE=0.5, MEDIAPIPE_MIN_TRACKING_CONFIDENCE=0.5, MODEL_ENCODER_INPUT_DIM=225, MODEL_ENCODER_HIDDEN_DIM=256, MODEL_ENCODER_OUTPUT_DIM=768, MODEL_VQ_NUM_EMBS=10000, MODEL_VQ_EMBED_DIM=768, MODEL_VQ_COMMITMENT_COST=0.25, MODEL_DECODER_INPUT_DIM=768, MODEL_DECODER_HIDDEN_DIM=256, MODEL_DECODER_OUTPUT_DIM=225, NUM_EPOCHS=100, BATCH_SIZE=32, LEARNING_RATE=1e-05)
89;dataset/corpus/SALDIRMAK_2.mp4;60;0;19;20;namespace(MEDIAPIPE_STATIC_IMAGE_MODE=False, MEDIAPIPE_MODEL_COMPLEXITY=1, MEDIAPIPE_SMOOTH_LANDMARKS=True, MEDIAPIPE_ENABLE_SEGMENTATION=False, MEDIAPIPE_SMOOTH_SEGMENTATION=True, MEDIAPIPE_REFINE_FACE_LANDMARKS=False, MEDIAPIPE_MIN_DETECTION_CONFIDENCE=0.5, MEDIAPIPE_MIN_TRACKING_CONFIDENCE=0.5, MODEL_ENCODER_INPUT_DIM=225, MODEL_ENCODER_HIDDEN_DIM=256, MODEL_ENCODER_OUTPUT_DIM=768, MODEL_VQ_NUM_EMBS=10000, MODEL_VQ_EMBED_DIM=768, MODEL_VQ_COMMITMENT_COST=0.25, MODEL_DECODER_INPUT_DIM=768, MODEL_DECODER_HIDDEN_DIM=256, MODEL_DECODER_OUTPUT_DIM=225, NUM_EPOCHS=100, BATCH_SIZE=32, LEARNING_RATE=1e-05)
90;dataset/corpus/MARS╠ğ_0.mp4;48;0;10;12;namespace(MEDIAPIPE_STATIC_IMAGE_MODE=False, MEDIAPIPE_MODEL_COMPLEXITY=1, MEDIAPIPE_SMOOTH_LANDMARKS=True, MEDIAPIPE_ENABLE_SEGMENTATION=False, MEDIAPIPE_SMOOTH_SEGMENTATION=True, MEDIAPIPE_REFINE_FACE_LANDMARKS=False, MEDIAPIPE_MIN_DETECTION_CONFIDENCE=0.5, MEDIAPIPE_MIN_TRACKING_CONFIDENCE=0.5, MODEL_ENCODER_INPUT_DIM=225, MODEL_ENCODER_HIDDEN_DIM=256, MODEL_ENCODER_OUTPUT_DIM=768, MODEL_VQ_NUM_EMBS=10000, MODEL_VQ_EMBED_DIM=768, MODEL_VQ_COMMITMENT_COST=0.25, MODEL_DECODER_INPUT_DIM=768, MODEL_DECODER_HIDDEN_DIM=256, MODEL_DECODER_OUTPUT_DIM=225, NUM_EPOCHS=100, BATCH_SIZE=32, LEARNING_RATE=1e-05)
91;dataset/corpus/HAYRAN_0.mp4;53;0;28;20;namespace(MEDIAPIPE_STATIC_IMAGE_MODE=False, MEDIAPIPE_MODEL_COMPLEXITY=1, MEDIAPIPE_SMOOTH_LANDMARKS=True, MEDIAPIPE_ENABLE_SEGMENTATION=False, MEDIAPIPE_SMOOTH_SEGMENTATION=True, MEDIAPIPE_REFINE_FACE_LANDMARKS=False, MEDIAPIPE_MIN_DETECTION_CONFIDENCE=0.5, MEDIAPIPE_MIN_TRACKING_CONFIDENCE=0.5, MODEL_ENCODER_INPUT_DIM=225, MODEL_ENCODER_HIDDEN_DIM=256, MODEL_ENCODER_OUTPUT_DIM=768, MODEL_VQ_NUM_EMBS=10000, MODEL_VQ_EMBED_DIM=768, MODEL_VQ_COMMITMENT_COST=0.25, MODEL_DECODER_INPUT_DIM=768, MODEL_DECODER_HIDDEN_DIM=256, MODEL_DECODER_OUTPUT_DIM=225, NUM_EPOCHS=100, BATCH_SIZE=32, LEARNING_RATE=1e-05)
92;dataset/corpus/CUMHURIYET_1.mp4;47;0;47;17;namespace(MEDIAPIPE_STATIC_IMAGE_MODE=False, MEDIAPIPE_MODEL_COMPLEXITY=1, MEDIAPIPE_SMOOTH_LANDMARKS=True, MEDIAPIPE_ENABLE_SEGMENTATION=False, MEDIAPIPE_SMOOTH_SEGMENTATION=True, MEDIAPIPE_REFINE_FACE_LANDMARKS=False, MEDIAPIPE_MIN_DETECTION_CONFIDENCE=0.5, MEDIAPIPE_MIN_TRACKING_CONFIDENCE=0.5, MODEL_ENCODER_INPUT_DIM=225, MODEL_ENCODER_HIDDEN_DIM=256, MODEL_ENCODER_OUTPUT_DIM=768, MODEL_VQ_NUM_EMBS=10000, MODEL_VQ_EMBED_DIM=768, MODEL_VQ_COMMITMENT_COST=0.25, MODEL_DECODER_INPUT_DIM=768, MODEL_DECODER_HIDDEN_DIM=256, MODEL_DECODER_OUTPUT_DIM=225, NUM_EPOCHS=100, BATCH_SIZE=32, LEARNING_RATE=1e-05)
93;dataset/corpus/KOPYALAMAK_1.mp4;44;0;14;17;namespace(MEDIAPIPE_STATIC_IMAGE_MODE=False, MEDIAPIPE_MODEL_COMPLEXITY=1, MEDIAPIPE_SMOOTH_LANDMARKS=True, MEDIAPIPE_ENABLE_SEGMENTATION=False, MEDIAPIPE_SMOOTH_SEGMENTATION=True, MEDIAPIPE_REFINE_FACE_LANDMARKS=False, MEDIAPIPE_MIN_DETECTION_CONFIDENCE=0.5, MEDIAPIPE_MIN_TRACKING_CONFIDENCE=0.5, MODEL_ENCODER_INPUT_DIM=225, MODEL_ENCODER_HIDDEN_DIM=256, MODEL_ENCODER_OUTPUT_DIM=768, MODEL_VQ_NUM_EMBS=10000, MODEL_VQ_EMBED_DIM=768, MODEL_VQ_COMMITMENT_COST=0.25, MODEL_DECODER_INPUT_DIM=768, MODEL_DECODER_HIDDEN_DIM=256, MODEL_DECODER_OUTPUT_DIM=225, NUM_EPOCHS=100, BATCH_SIZE=32, LEARNING_RATE=1e-05)
94;dataset/corpus/KALDIRMAK _1.mp4;63;0;19;19;namespace(MEDIAPIPE_STATIC_IMAGE_MODE=False, MEDIAPIPE_MODEL_COMPLEXITY=1, MEDIAPIPE_SMOOTH_LANDMARKS=True, MEDIAPIPE_ENABLE_SEGMENTATION=False, MEDIAPIPE_SMOOTH_SEGMENTATION=True, MEDIAPIPE_REFINE_FACE_LANDMARKS=False, MEDIAPIPE_MIN_DETECTION_CONFIDENCE=0.5, MEDIAPIPE_MIN_TRACKING_CONFIDENCE=0.5, MODEL_ENCODER_INPUT_DIM=225, MODEL_ENCODER_HIDDEN_DIM=256, MODEL_ENCODER_OUTPUT_DIM=768, MODEL_VQ_NUM_EMBS=10000, MODEL_VQ_EMBED_DIM=768, MODEL_VQ_COMMITMENT_COST=0.25, MODEL_DECODER_INPUT_DIM=768, MODEL_DECODER_HIDDEN_DIM=256, MODEL_DECODER_OUTPUT_DIM=225, NUM_EPOCHS=100, BATCH_SIZE=32, LEARNING_RATE=1e-05)
95;dataset/corpus/SIKINTI_0.mp4;40;0;40;11;namespace(MEDIAPIPE_STATIC_IMAGE_MODE=False, MEDIAPIPE_MODEL_COMPLEXITY=1, MEDIAPIPE_SMOOTH_LANDMARKS=True, MEDIAPIPE_ENABLE_SEGMENTATION=False, MEDIAPIPE_SMOOTH_SEGMENTATION=True, MEDIAPIPE_REFINE_FACE_LANDMARKS=False, MEDIAPIPE_MIN_DETECTION_CONFIDENCE=0.5, MEDIAPIPE_MIN_TRACKING_CONFIDENCE=0.5, MODEL_ENCODER_INPUT_DIM=225, MODEL_ENCODER_HIDDEN_DIM=256, MODEL_ENCODER_OUTPUT_DIM=768, MODEL_VQ_NUM_EMBS=10000, MODEL_VQ_EMBED_DIM=768, MODEL_VQ_COMMITMENT_COST=0.25, MODEL_DECODER_INPUT_DIM=768, MODEL_DECODER_HIDDEN_DIM=256, MODEL_DECODER_OUTPUT_DIM=225, NUM_EPOCHS=100, BATCH_SIZE=32, LEARNING_RATE=1e-05)
96;dataset/corpus/BALIK_1.mp4;71;0;41;41;namespace(MEDIAPIPE_STATIC_IMAGE_MODE=False, MEDIAPIPE_MODEL_COMPLEXITY=1, MEDIAPIPE_SMOOTH_LANDMARKS=True, MEDIAPIPE_ENABLE_SEGMENTATION=False, MEDIAPIPE_SMOOTH_SEGMENTATION=True, MEDIAPIPE_REFINE_FACE_LANDMARKS=False, MEDIAPIPE_MIN_DETECTION_CONFIDENCE=0.5, MEDIAPIPE_MIN_TRACKING_CONFIDENCE=0.5, MODEL_ENCODER_INPUT_DIM=225, MODEL_ENCODER_HIDDEN_DIM=256, MODEL_ENCODER_OUTPUT_DIM=768, MODEL_VQ_NUM_EMBS=10000, MODEL_VQ_EMBED_DIM=768, MODEL_VQ_COMMITMENT_COST=0.25, MODEL_DECODER_INPUT_DIM=768, MODEL_DECODER_HIDDEN_DIM=256, MODEL_DECODER_OUTPUT_DIM=225, NUM_EPOCHS=100, BATCH_SIZE=32, LEARNING_RATE=1e-05)
97;dataset/corpus/C╠ğEKILMEK_1.mp4;44;0;12;14;namespace(MEDIAPIPE_STATIC_IMAGE_MODE=False, MEDIAPIPE_MODEL_COMPLEXITY=1, MEDIAPIPE_SMOOTH_LANDMARKS=True, MEDIAPIPE_ENABLE_SEGMENTATION=False, MEDIAPIPE_SMOOTH_SEGMENTATION=True, MEDIAPIPE_REFINE_FACE_LANDMARKS=False, MEDIAPIPE_MIN_DETECTION_CONFIDENCE=0.5, MEDIAPIPE_MIN_TRACKING_CONFIDENCE=0.5, MODEL_ENCODER_INPUT_DIM=225, MODEL_ENCODER_HIDDEN_DIM=256, MODEL_ENCODER_OUTPUT_DIM=768, MODEL_VQ_NUM_EMBS=10000, MODEL_VQ_EMBED_DIM=768, MODEL_VQ_COMMITMENT_COST=0.25, MODEL_DECODER_INPUT_DIM=768, MODEL_DECODER_HIDDEN_DIM=256, MODEL_DECODER_OUTPUT_DIM=225, NUM_EPOCHS=100, BATCH_SIZE=32, LEARNING_RATE=1e-05)
98;dataset/corpus/BU╠êYU╠êTMEK _0.mp4;77;0;45;43;namespace(MEDIAPIPE_STATIC_IMAGE_MODE=False, MEDIAPIPE_MODEL_COMPLEXITY=1, MEDIAPIPE_SMOOTH_LANDMARKS=True, MEDIAPIPE_ENABLE_SEGMENTATION=False, MEDIAPIPE_SMOOTH_SEGMENTATION=True, MEDIAPIPE_REFINE_FACE_LANDMARKS=False, MEDIAPIPE_MIN_DETECTION_CONFIDENCE=0.5, MEDIAPIPE_MIN_TRACKING_CONFIDENCE=0.5, MODEL_ENCODER_INPUT_DIM=225, MODEL_ENCODER_HIDDEN_DIM=256, MODEL_ENCODER_OUTPUT_DIM=768, MODEL_VQ_NUM_EMBS=10000, MODEL_VQ_EMBED_DIM=768, MODEL_VQ_COMMITMENT_COST=0.25, MODEL_DECODER_INPUT_DIM=768, MODEL_DECODER_HIDDEN_DIM=256, MODEL_DECODER_OUTPUT_DIM=225, NUM_EPOCHS=100, BATCH_SIZE=32, LEARNING_RATE=1e-05)
99;dataset/corpus/TAKIP ETMEK_0.mp4;53;0;18;18;namespace(MEDIAPIPE_STATIC_IMAGE_MODE=False, MEDIAPIPE_MODEL_COMPLEXITY=1, MEDIAPIPE_SMOOTH_LANDMARKS=True, MEDIAPIPE_ENABLE_SEGMENTATION=False, MEDIAPIPE_SMOOTH_SEGMENTATION=True, MEDIAPIPE_REFINE_FACE_LANDMARKS=False, MEDIAPIPE_MIN_DETECTION_CONFIDENCE=0.5, MEDIAPIPE_MIN_TRACKING_CONFIDENCE=0.5, MODEL_ENCODER_INPUT_DIM=225, MODEL_ENCODER_HIDDEN_DIM=256, MODEL_ENCODER_OUTPUT_DIM=768, MODEL_VQ_NUM_EMBS=10000, MODEL_VQ_EMBED_DIM=768, MODEL_VQ_COMMITMENT_COST=0.25, MODEL_DECODER_INPUT_DIM=768, MODEL_DECODER_HIDDEN_DIM=256, MODEL_DECODER_OUTPUT_DIM=225, NUM_EPOCHS=100, BATCH_SIZE=32, LEARNING_RATE=1e-05)
